COMMENTS,,,,,
,,,,,
"This version of our dataset is used in a study to benchmark ligand-binding-site prediction algorithms, which will be submitted to PLoS Computational Biology in the near future (this was written Jan 23 2020).",,,,,
"This data set is a modified version of that used in: PLoS Comput Biol 2019, 15 (1): e1006705. https://doi.org/10.1371/journal.pcbi.1006705",,,,,
"WARNING: If importing into spreadsheet software, take care to change the PDBid column to ""text"" to preserve PDBids",,,,,
"Family numbers simply function to organize the data, and serve no qualitative or quantitative purpose.",,,,,
The In_CryptoSite flag serves to denote any protein families which share close sequence with entries in the CryptoSite database. This is further explained in the manuscript.,,,,,
The methods sections of these manuscripts describe  the curation of this dataset in detail.,,,,,
The contents of the unified binding sites for each family are indexed in UBS_index.csv,,,,,
,PDBid,Family,"Type (0 = apo, 1 = holo)",In_CryptoSite(1 = yes| 0 = no),Resolution
,4lzt,1,0,0,0.95
,2z12,1,0,0,1.15
,4h9b,1,0,0,1.2
,2fbb,1,0,0,1.46
,1aki,1,0,0,1.5
,3a93,1,0,0,1.55
,1lje,1,0,0,2
,3wu8,1,0,0,2
,3az5,1,0,0,2.34
,8lyz,1,0,0,2.5
,4hp0,1,1,0,1.19
,4hpi,1,1,0,1.19
,3qe8,1,1,0,1.49
,1lzb,1,1,0,1.5
,3qng,1,1,0,1.55
,1t3p,1,1,0,1.6
,1hew,1,1,0,1.75
,1b0d,1,1,0,1.84
,4tun,1,1,0,1.92
,3txj,1,1,0,2.48
,3d92,2,0,0,1.1
,3gz0,2,0,0,1.26
,3mwo,2,0,0,1.4
,3kon,2,0,0,1.5
,2vva,2,0,0,1.56
,1f2w,2,0,0,1.9
,1rza,2,0,0,1.9
,1teq,2,0,0,2
,4ca2,2,0,0,2.1
,1xev,2,0,0,2.2
,1lug,2,1,0,0.95
,3ibu,2,1,0,1.41
,3oyq,2,1,0,1.47
,4r5b,2,1,0,1.5
,3rz5,2,1,0,1.65
,3m3x,2,1,0,1.68
,3k7k,2,1,0,1.9
,4m2r,2,1,0,1.99
,1xpz,2,1,0,2.02
,1g1d,2,1,0,2.04
,1hcl,3,0,0,1.8
,1pw2,3,0,0,1.95
,3pxr,3,0,0,2
,1jvp,3,1,0,1.53
,2xnb,3,1,0,1.85
,2c6k,3,1,0,1.9
,1pye,3,1,0,2
,2vta,3,1,0,2
,2vtl,3,1,0,2
,3unk,3,1,0,2.1
,1fvt,3,1,0,2.2
,1ke5,3,1,0,2.2
,1p2a,3,1,0,2.5
,1s0q,4,0,0,1.02
,2agi,4,0,0,1.14
,1c1o,4,0,0,1.4
,1c2l,4,0,0,1.5
,1tld,4,0,0,1.5
,2ptn,4,0,0,1.55
,1jrt,4,0,0,1.7
,1jrs,4,0,0,1.8
,2g55,4,0,0,1.82
,2a7h,4,0,0,2.1
,1s0r,4,1,0,1.02
,1c1q,4,1,0,1.37
,1o38,4,1,0,1.38
,1c2h,4,1,0,1.4
,1o2u,4,1,0,1.41
,1o3g,4,1,0,1.55
,1tx8,4,1,0,1.7
,1qbo,4,1,0,1.8
,1mts,4,1,0,1.9
,1yp9,4,1,0,2.1
,1kf4,5,0,1,1.1
,2blp,5,0,1,1.4
,2g8q,5,0,1,1.5
,1rnu,5,0,1,1.6
,4j61,5,0,1,1.69
,2w5m,5,0,1,1.8
,3euz,5,0,1,1.84
,4ot4,5,0,1,1.85
,1a2w,5,0,1,2.1
,1js0,5,0,1,2.2
,1rnd,5,1,1,1.5
,3d6q,5,1,1,1.6
,1f0v,5,1,1,1.7
,4g8v,5,1,1,1.7
,2xoi,5,1,1,1.72
,1rnn,5,1,1,1.8
,1eos,5,1,1,2
,1u1b,5,1,1,2
,1rcn,5,1,1,2.32
,2w5i,5,1,1,2.4
,3fb0,6,0,0,1.6
,4d91,6,0,0,1.9
,3fbo,6,0,0,1.92
,3tli,6,0,0,1.95
,3t2j,6,0,0,2
,3msf,6,0,0,2.09
,3p7q,6,0,0,2.2
,3p7v,6,0,0,2.2
,8tli,6,0,0,2.2
,1l3f,6,0,0,2.3
,4mtw,6,1,0,1.32
,1kkk,6,1,0,1.6
,5tmn,6,1,0,1.6
,1lnf,6,1,0,1.7
,1pe5,6,1,0,1.7
,3fcq,6,1,0,1.75
,1kto,6,1,0,1.9
,1tmn,6,1,0,1.9
,3msn,6,1,0,1.97
,1qf1,6,1,0,2
,1mso,7,0,0,1
,1g7b,7,0,0,1.3
,3exx,7,0,0,1.35
,4ey1,7,0,0,1.47
,1guj,7,0,0,1.62
,4f4t,7,0,0,1.64
,1b2d,7,0,0,1.7
,2tci,7,0,0,1.8
,2vjz,7,0,0,1.8
,3q6e,7,0,0,2.05
,4ajx,7,1,0,1.2
,2omg,7,1,0,1.52
,2oly,7,1,0,1.7
,2olz,7,1,0,1.7
,4ajz,7,1,0,1.8
,1tym,7,1,0,1.9
,4akj,7,1,0,2.01
,2omi,7,1,0,2.24
,1mpj,7,1,0,2.3
,1wav,7,1,0,2.5
,4mrb,8,0,1,1.27
,1f41,8,0,1,1.3
,2qgb,8,0,1,1.4
,1tta,8,0,1,1.7
,3d7p,8,0,1,1.72
,2g4g,8,0,1,1.85
,1e3f,8,0,1,1.9
,3w3b,8,0,1,1.9
,1bmz,8,0,1,2
,3a4d,8,0,1,2
,3eso,8,1,1,1.31
,3imu,8,1,1,1.4
,3ipe,8,1,1,1.4
,4hjt,8,1,1,1.45
,2f7i,8,1,1,1.6
,2flm,8,1,1,1.65
,1e5a,8,1,1,1.8
,3cn3,8,1,1,1.8
,2gab,8,1,1,1.85
,2roy,8,1,1,2.2
,3ry1,9,0,0,1.03
,2izc,9,0,0,1.4
,2iza,9,0,0,1.46
,2rtb,9,0,0,1.5
,2rtc,9,0,0,1.5
,2izd,9,0,0,1.6
,1slf,9,0,0,1.76
,1swc,9,0,0,1.8
,1swb,9,0,0,1.85
,1swa,9,0,0,1.9
,2g5l,9,1,0,1.15
,2rtg,9,1,0,1.39
,2rtl,9,1,0,1.41
,1vwj,9,1,0,1.45
,1vwh,9,1,0,1.48
,1vwm,9,1,0,1.6
,1srj,9,1,0,1.8
,1vwa,9,1,0,1.85
,1vwd,9,1,0,1.87
,1swd,9,1,0,1.9
,4lyi,10,0,0,1.3
,2oss,10,0,0,1.35
,4ior,10,0,0,1.4
,4cfl,10,1,0,1.32
,4o78,10,1,0,1.34
,4f3i,10,1,0,1.4
,4bw3,10,1,0,1.5
,4o7c,10,1,0,1.55
,3u5j,10,1,0,1.6
,4hbv,10,1,0,1.63
,4o76,10,1,0,1.7
,4ogi,10,1,0,1.73
,4bw2,10,1,0,1.92
,1ke4,11,0,1,1.72
,2bls,11,0,1,2
,1kvm,11,0,1,2.06
,4kz5,11,1,1,1.35
,4okp,11,1,1,1.37
,4kz3,11,1,1,1.67
,4kz9,11,1,1,1.72
,2r9w,11,1,1,1.8
,3gqz,11,1,1,1.8
,3gr2,11,1,1,1.8
,3gvb,11,1,1,1.8
,1xgi,11,1,1,1.96
,4jxw,11,1,1,2.3
,1ird,12,0,0,1.25
,2dn2,12,0,0,1.25
,1j41,12,0,0,1.45
,1bbb,12,0,0,1.7
,1sdk,12,0,0,1.8
,1rq3,12,0,0,1.91
,2hbc,12,0,0,2.1
,1mko,12,0,0,2.18
,2hbd,12,0,0,2.2
,1fn3,12,0,0,2.48
,2d5z,12,1,0,1.45
,2d60,12,1,0,1.7
,1g9v,12,1,0,1.85
,1gvk,13,0,0,0.94
,2h1u,13,0,0,1.6
,1esa,13,0,0,1.65
,1lvy,13,0,0,1.87
,1qix,13,0,0,1.9
,2foa,13,0,0,1.9
,2fo9,13,0,0,2
,2foc,13,0,0,2
,2fod,13,0,0,2
,2foe,13,0,0,2.2
,1qr3,13,1,0,1.6
,1nes,13,1,0,1.65
,2bd4,13,1,0,1.7
,1elc,13,1,0,1.75
,1bma,13,1,0,1.8
,1ela,13,1,0,2
,1eld,13,1,0,2
,1ele,13,1,0,2
,1elb,13,1,0,2.1
,2est,13,1,0,2.5
,2pyc,14,0,0,1.5
,2q1p,14,0,0,1.5
,4gld,14,0,0,1.69
,1fb2,14,0,0,1.95
,2pb8,14,0,0,2
,2gns,14,0,0,2.3
,4fga,14,0,0,2.3
,1cl5,14,0,0,2.45
,3fg5,14,0,0,2.5
,1tj9,14,1,0,1.1
,1sqz,14,1,0,1.2
,2arm,14,1,0,1.23
,3h1x,14,1,0,1.4
,1q7a,14,1,0,1.6
,1jq9,14,1,0,1.8
,1oxl,14,1,0,1.8
,1zyx,14,1,0,1.95
,1zr8,14,1,0,2.03
,1y38,14,1,0,2.44
,3lzy,15,0,0,1.8
,4ape,15,0,0,2.1
,3pww,15,1,0,1.22
,3pcw,15,1,0,1.25
,3pmu,15,1,0,1.43
,3pi0,15,1,0,1.64
,3er5,15,1,0,1.8
,1epq,15,1,0,1.9
,1epo,15,1,0,2
,2er6,15,1,0,2
,1e82,15,1,0,2.05
,4er4,15,1,0,2.1
,3dmv,16,0,0,1.65
,1l90,16,0,0,1.75
,1c6e,16,0,0,1.9
,1c6i,16,0,0,1.9
,1c6j,16,0,0,1.9
,1c6c,16,0,0,2
,1c6d,16,0,0,2
,1c6f,16,0,0,2
,2b75,16,0,0,2.1
,2b6z,16,0,0,2.4
,2rb2,16,1,0,1.46
,181l,16,1,0,1.8
,182l,16,1,0,1.8
,183l,16,1,0,1.8
,184l,16,1,0,1.8
,187l,16,1,0,1.8
,3dmx,16,1,0,1.8
,3dn0,16,1,0,1.8
,3dn2,16,1,0,1.8
,2oty,16,1,0,1.83
,4pun,17,0,0,1.25
,1pud,17,0,0,1.85
,1p0d,17,0,0,1.9
,4q4s,17,1,0,1.25
,4puk,17,1,0,1.49
,3ge7,17,1,0,1.5
,4q4p,17,1,0,1.54
,1p0b,17,1,0,1.7
,1q66,17,1,0,1.75
,3gc4,17,1,0,1.8
,1f3e,17,1,0,1.85
,3eou,17,1,0,1.93
,1s39,17,1,0,1.95
,2v1i,18,0,0,1.2
,2v1k,18,0,0,1.25
,1dws,18,0,0,1.45
,2vlz,18,0,0,1.5
,3lr9,18,0,0,1.55
,1wla,18,0,0,1.7
,1ymb,18,0,0,1.9
,2o5q,18,0,0,1.9
,1azi,18,0,0,2
,2o5b,18,0,0,2
,2o5o,18,1,0,1.6
,2o58,18,1,0,1.65
,2o5m,18,1,0,1.65
,2o5l,18,1,0,1.7
,4kmk,19,0,0,1.65
,3s9q,19,0,0,1.67
,3mrw,19,0,0,1.7
,4l66,19,0,0,1.7
,4jtb,19,0,0,1.71
,4kwn,19,0,0,1.8
,4kl4,19,0,0,1.9
,3n2d,19,0,0,2.22
,3sj6,19,1,0,1.6
,3u6z,19,1,0,1.7
,3rl9,19,1,0,1.9
,3v2k,19,1,0,2.07
,3n1n,19,1,0,2.23
,4e5b,20,0,0,2
,1r39,20,0,0,2.3
,1wfc,20,0,0,2.3
,2zaz,20,1,0,1.8
,3zya,20,1,0,1.9
,3hv6,20,1,0,1.95
,1wbt,20,1,0,2
,1zyj,20,1,0,2
,4e6a,20,1,0,2.09
,2zb0,20,1,0,2.1
,1w7h,20,1,0,2.21
,3hv5,20,1,0,2.25
,3itz,20,1,0,2.25
,1ea5,21,0,0,1.8
,1qid,21,0,0,2.05
,1qif,21,0,0,2.1
,2vt7,21,0,0,2.2
,1qig,21,0,0,2.3
,3m3d,21,0,0,2.34
,1w75,21,0,0,2.4
,2va9,21,0,0,2.4
,2vt6,21,0,0,2.4
,1qih,21,0,0,2.5
,1zgc,21,1,0,2.1
,1h23,21,1,0,2.15
,1odc,21,1,0,2.2
,3zv7,21,1,0,2.26
,1dx6,21,1,0,2.3
,1w76,21,1,0,2.3
,2vjc,21,1,0,2.3
,2xi4,21,1,0,2.3
,1vot,21,1,0,2.5
,2cmf,21,1,0,2.5
,1mxw,22,0,1,1.9
,1mxz,22,0,1,1.9
,1my0,22,0,1,1.9
,1my1,22,0,1,1.9
,1mxv,22,0,1,1.95
,1mxy,22,0,1,1.95
,1fto,22,0,1,2
,1mxx,22,0,1,2
,1mqi,22,1,1,1.35
,1my3,22,1,1,1.75
,1syh,22,1,1,1.8
,4o3a,22,1,1,1.8
,3bki,22,1,1,1.87
,1ftj,22,1,1,1.9
,1nnp,22,1,1,1.9
,3tza,22,1,1,1.9
,4o3b,22,1,1,1.91
,3bft,22,1,1,2.27
,1nls,23,0,0,0.94
,1scs,23,0,0,1.6
,1dq0,23,0,0,1.7
,1nxd,23,0,0,1.9
,1dq2,23,0,0,2.05
,1dq1,23,0,0,2.15
,1vln,23,0,0,2.4
,3enr,23,0,0,2.4
,1apn,23,0,0,2.5
,1enq,23,0,0,2.5
,1i3h,23,1,0,1.2
,3d4k,23,1,0,1.8
,1jn2,23,1,0,1.9
,1jw6,23,1,0,1.93
,1gic,23,1,0,2
,1qdc,23,1,0,2
,5cna,23,1,0,2
,4pf5,23,1,0,2.04
,1ona,23,1,0,2.35
,1hqw,23,1,0,2.4
,2gt7,24,0,1,1.82
,1uj1,24,0,1,1.9
,2c3s,24,0,1,1.9
,3vb7,24,0,1,1.95
,2bx3,24,0,1,2
,2gz9,24,0,1,2.17
,1uk2,24,0,1,2.2
,1uk3,24,0,1,2.4
,3snb,24,0,1,2.4
,3vb6,24,0,1,2.5
,2z94,24,1,1,1.78
,2gz7,24,1,1,1.86
,3v3m,24,1,1,1.96
,2gz8,24,1,1,1.97
,1uk4,24,1,1,2.5
,2cm2,25,0,1,1.5
,1oem,25,0,1,1.8
,1sug,25,0,1,1.95
,2cm3,25,0,1,2.1
,1oes,25,0,1,2.2
,3i80,25,0,1,2.25
,2cne,25,1,1,1.8
,3eax,25,1,1,1.9
,2vew,25,1,1,2
,2cm7,25,1,1,2.1
,2cm8,25,1,1,2.1
,1qxk,25,1,1,2.3
,3i7z,25,1,1,2.3
,1nny,25,1,1,2.4
,1onz,25,1,1,2.4
,3eb1,25,1,1,2.4
,2oxu,26,0,0,1.24
,4ijo,26,0,0,1.9
,3f18,26,1,0,1.13
,2oxw,26,1,0,1.15
,4gql,26,1,0,1.15
,3ljg,26,1,0,1.31
,1rmz,26,1,0,1.34
,4gr3,26,1,0,1.49
,3f15,26,1,0,1.7
,3lik,26,1,0,1.8
,3ehx,26,1,0,1.9
,3lir,26,1,0,1.9
,4nvf,27,0,0,1.49
,4nva,27,0,0,1.57
,1kxn,27,0,0,1.8
,4oq7,27,0,0,1.89
,4jm5,27,1,0,1.26
,4jm8,27,1,0,1.3
,4jqn,27,1,0,1.36
,4jm9,27,1,0,1.41
,4jpl,27,1,0,1.41
,4jpt,27,1,0,1.41
,4jpu,27,1,0,1.41
,4jqm,27,1,0,1.41
,4jm6,27,1,0,1.45
,4jmz,27,1,0,1.82
,3t0h,28,0,1,1.2
,1yer,28,0,1,1.65
,1yes,28,0,1,2.2
,3t10,28,1,1,1.24
,4l94,28,1,1,1.65
,4l8z,28,1,1,1.7
,4l91,28,1,1,1.75
,1yet,28,1,1,1.9
,2xk2,28,1,1,1.95
,2xdk,28,1,1,1.97
,3ft8,28,1,1,2
,2xhr,28,1,1,2.2
,2xht,28,1,1,2.27
,3djh,29,0,0,1.25
,3ce4,29,0,0,1.55
,3l5v,29,0,0,1.7
,4gru,29,0,0,1.92
,4p0h,29,0,0,1.93
,3ijg,29,1,0,1.7
,3l5p,29,1,0,1.8
,2ooh,29,1,0,1.85
,3l5s,29,1,0,1.86
,3l5u,29,1,0,1.9
,3u18,29,1,0,1.9
,3l5r,29,1,0,1.94
,3dji,29,1,0,1.95
,1ljt,29,1,0,2
,1ca7,29,1,0,2.5
,3i2y,30,0,0,1
,3dvr,30,0,0,1.02
,3ptl,30,0,0,1.3
,3de3,30,0,0,1.43
,2pkc,30,0,0,1.5
,3de1,30,0,0,2
,3de6,30,0,0,2.2
,3prk,30,0,0,2.2
,1ptk,30,0,0,2.4
,1bjr,30,0,0,2.44
,1oyo,30,1,0,2.02
,1pj8,30,1,0,2.2
,4a8i,31,0,0,0.95
,1mnz,31,0,0,0.99
,4e3v,31,0,0,1.5
,2gub,31,0,0,1.8
,3kbs,31,0,0,1.8
,3kbv,31,0,0,1.8
,3qys,31,0,0,1.85
,3kbj,31,0,0,2
,4w4q,31,0,0,2
,3kcj,31,0,0,
,3u3h,31,1,0,0.97
,3kbn,31,1,0,1.53
,4qe1,31,1,0,1.55
,4qeh,31,1,0,1.55
,4qe5,31,1,0,1.56
,4qee,31,1,0,1.6
,4qe4,31,1,0,1.7
,3kbm,31,1,0,2
,4duo,31,1,0,2
,4k3s,32,0,0,1.75
,1mmi,32,0,0,1.85
,4pnv,32,0,0,1.86
,4ovh,32,0,0,2.25
,3q4j,32,0,0,2.3
,2pol,32,0,0,2.5
,4mjr,32,1,0,1.62
,3d1g,32,1,0,1.64
,4mjq,32,1,0,1.73
,4n94,32,1,0,1.73
,4n95,32,1,0,1.8
,4k3m,32,1,0,1.85
,4k3r,32,1,0,1.86
,4n9a,32,1,0,1.9
,4n97,32,1,0,1.97
,3d1f,32,1,0,2
,2oot,33,0,0,1.64
,2c6p,33,0,0,2.39
,3bi1,33,1,0,1.5
,3d7f,33,1,0,1.54
,3d7h,33,1,0,1.55
,3sjf,33,1,0,1.65
,3bi0,33,1,0,1.67
,2xei,33,1,0,1.69
,3d7g,33,1,0,1.75
,2c6c,33,1,0,2
,2jbj,33,1,0,2.19
,3iww,33,1,0,2.3
,3tf3,34,0,0,1.64
,2zav,34,0,0,1.7
,4gsm,34,0,0,1.7
,2pha,34,0,0,1.9
,4gwc,34,0,0,1.9
,3the,34,0,0,1.97
,3th7,34,0,0,2.1
,3gmz,34,1,0,1.43
,3mfw,34,1,0,1.47
,3dj8,34,1,0,1.51
,3kv2,34,1,0,1.55
,3skk,34,1,0,1.7
,2pll,34,1,0,1.9
,1wva,34,1,0,1.94
,2pho,34,1,0,1.95
,3lp7,34,1,0,2.04
,4gsz,34,1,0,2.2
,1x8q,35,0,0,0.85
,1x8o,35,0,0,1.01
,1x8n,35,0,0,1.08
,2ofm,35,0,0,1.11
,1d2u,35,0,0,1.15
,1ikj,35,0,0,1.27
,1np4,35,0,0,1.5
,4hpa,35,0,0,1.5
,1eqd,35,0,0,1.6
,4hpb,35,0,0,1.6
,4hpd,35,1,0,1.3
,4hpc,35,1,0,1.4
,2y2v,36,0,0,2.45
,2jgf,36,0,0,2.5
,3dl4,36,0,0,2.5
,3dl7,36,0,0,2.5
,4b82,36,1,0,2.1
,4b85,36,1,0,2.1
,2whq,36,1,0,2.15
,2gyu,36,1,0,2.2
,1n5r,36,1,0,2.25
,2wu4,36,1,0,2.4
,4b83,36,1,0,2.4
,2gyv,36,1,0,2.5
,2jf0,36,1,0,2.5
,4ara,36,1,0,2.5
,1tws,37,0,0,2
,3h2e,37,0,0,2
,4nhv,37,1,0,1.99
,4d8a,37,1,0,2.18
,3h23,37,1,0,2.2
,3h2f,37,1,0,2.2
,3h21,37,1,0,2.32
,3h2a,37,1,0,2.4
,3h2n,37,1,0,2.4
,3h26,37,1,0,2.5
,3tyd,37,1,0,2.5
,4dai,37,1,0,2.5
,1ic6,38,0,0,0.98
,3aj9,38,0,0,1.1
,3qmp,38,0,0,1.1
,3dyb,38,0,0,1.32
,4b5l,38,0,0,1.6
,2duj,38,0,0,1.67
,2dqk,38,0,0,1.93
,2g4v,38,0,0,2.14
,2hd4,38,0,0,2.15
,3osz,38,0,0,2.26
,1p7w,38,1,0,1.02
,1p7v,38,1,0,1.08
,2h7q,39,0,0,1.5
,1phc,39,0,0,1.6
,1re9,39,1,0,1.45
,1phe,39,1,0,1.6
,2zax,39,1,0,1.6
,2cpp,39,1,0,1.63
,5cp4,39,1,0,1.75
,2z97,39,1,0,1.8
,3cpp,39,1,0,1.9
,8cpp,39,1,0,2.1
,1noo,39,1,0,2.2
,3cp4,39,1,0,2.3
,16gs,40,0,0,1.9
,20gs,40,0,0,2.45
,2a2r,40,1,0,1.4
,1aqw,40,1,0,1.8
,18gs,40,1,0,1.9
,3csj,40,1,0,1.9
,3gss,40,1,0,1.9
,6gss,40,1,0,1.9
,8gss,40,1,0,1.9
,1aqx,40,1,0,2
,3pgt,40,1,0,2.14
,3dd3,40,1,0,2.25
,1z5r,41,0,0,1.4
,3wc6,41,0,0,1.65
,2jew,41,1,0,1.4
,2piz,41,1,0,1.6
,2pj6,41,1,0,1.6
,2pj1,41,1,0,1.64
,2pj5,41,1,0,1.65
,2pj8,41,1,0,1.7
,3wc5,41,1,0,1.7
,1zg7,41,1,0,1.75
,1zg8,41,1,0,2
,2pj4,41,1,0,2
,2zk0,42,0,0,2.36
,3vsp,42,0,0,2.4
,2i4j,42,1,0,2.1
,2i4p,42,1,0,2.1
,3hod,42,1,0,2.1
,2i4z,42,1,0,2.25
,3an3,42,1,0,2.3
,3r8i,42,1,0,2.3
,2zno,42,1,0,2.4
,3d6d,42,1,0,2.4
,2zk6,42,1,0,2.41
,4e4q,42,1,0,2.5
,1o7m,43,0,0,1.75
,1o7w,43,0,0,1.9
,1o7h,43,0,0,2.2
,1ndo,43,0,0,2.25
,1uuw,43,0,0,2.3
,1o7n,43,1,0,1.4
,1eg9,43,1,0,1.6
,2hmm,43,1,0,1.6
,2hmo,43,1,0,1.6
,1uuv,43,1,0,1.65
,2hmk,43,1,0,1.65
,1o7g,43,1,0,1.7
,1o7p,43,1,0,1.95
,3o5q,44,0,0,0.96
,3o5p,44,0,0,1
,3o5o,44,0,0,1.15
,3o5l,44,0,0,1.3
,3o5m,44,0,0,1.6
,4drq,44,1,0,1
,4drn,44,1,0,1.07
,3o5r,44,1,0,1.1
,4jfl,44,1,0,1.2
,4tw7,44,1,0,1.25
,4tw6,44,1,0,1.4
,4drm,44,1,0,1.48
,4drk,44,1,0,1.5
,4w9p,44,1,0,1.5
,4drp,44,1,0,1.8
,3l61,45,0,0,1.5
,3l62,45,0,0,1.7
,3p6u,45,0,0,1.7
,3p6q,45,0,0,1.95
,3p6s,45,0,0,2
,3p6v,45,0,0,2
,3p6r,45,0,0,2.1
,3p6w,45,0,0,2.1
,3l63,45,1,0,1.5
,1t87,45,1,0,1.8
,1t88,45,1,0,1.9
,4g3r,45,1,0,2.2
,2w0o,46,0,0,1.5
,3af7,46,0,0,1.58
,2zg7,46,0,0,1.7
,3f32,46,0,0,1.7
,3o7s,46,0,0,1.73
,3u90,46,0,0,1.9
,1gwg,46,0,0,2.01
,2z5q,46,0,0,2.1
,1ier,46,0,0,2.26
,2z5r,46,0,0,2.5
,3f37,46,1,0,1.54
,3f34,46,1,0,1.68
,3f33,46,1,0,1.7
,3f36,46,1,0,1.7
,1xz1,46,1,0,1.75
,1xz3,46,1,0,1.75
,3f38,46,1,0,1.75
,3f39,46,1,0,1.85
,3f35,46,1,0,1.92
,4e34,47,0,0,1.39
,4e35,47,0,0,1.4
,4q6h,47,0,0,1.9
,4joj,47,1,0,1.2
,4jor,47,1,0,1.34
,4nmq,47,1,0,1.4
,4nmv,47,1,0,1.4
,4jog,47,1,0,1.47
,4joh,47,1,0,1.47
,4nmr,47,1,0,1.55
,4k76,47,1,0,1.75
,4jop,47,1,0,1.8
,4k72,47,1,0,1.9
,4gny,48,0,1,1.64
,1b8e,48,0,1,1.95
,3npo,48,0,1,2.2
,4ib9,48,0,1,2.2
,1bsq,48,0,1,2.22
,4iba,48,0,1,2.3
,4lzu,48,0,1,2.4
,4lzv,48,0,1,2.44
,3nq3,48,1,1,1.9
,3nq9,48,1,1,1.9
,3uev,48,1,1,1.9
,3uew,48,1,1,2
,3ueu,48,1,1,2.1
,3uex,48,1,1,2.1
,1gx9,48,1,1,2.34
,1gxa,48,1,1,2.35
,1gx8,48,1,1,2.4
,1b0o,48,1,1,2.5
,1mop,49,0,0,1.6
,2a88,49,0,0,1.7
,2a84,49,1,0,1.55
,1n2i,49,1,0,1.7
,2a7x,49,1,0,1.7
,3le8,49,1,0,1.7
,1n2g,49,1,0,1.8
,4ef6,49,1,0,1.94
,1n2h,49,1,0,2
,1n2o,49,1,0,2.1
,3isj,49,1,0,2.2
,4iez,50,0,0,1.39
,4ieq,50,0,0,1.4
,4iep,50,0,0,1.45
,2b5h,50,0,0,1.5
,2gh2,50,0,0,1.5
,4ieo,50,0,0,1.55
,4jtn,50,0,0,1.59
,4kwj,50,0,0,1.75
,4iex,50,0,0,2.15
,4ieu,50,1,0,1.25
,4ies,50,1,0,1.4
,4iet,50,1,0,1.4
,4ier,50,1,0,1.45
,4iew,50,1,0,1.45
,4iev,50,1,0,1.6
,4iey,50,1,0,1.63
,4kwl,50,1,0,1.63
,4kwk,50,1,0,1.95
,4jto,50,1,0,2
,2ppn,51,0,0,0.92
,1d6o,51,0,0,1.85
,1d7h,51,0,0,1.9
,1fkb,51,1,0,1.7
,1fkf,51,1,0,1.7
,1j4h,51,1,0,1.8
,1j4i,51,1,0,1.8
,1j4r,51,1,0,1.8
,1d7j,51,1,0,1.85
,1a7x,51,1,0,2
,1fkg,51,1,0,2
,1fki,51,1,0,2.2
,1qpf,51,1,0,2.5
,1aa4,52,0,0,2.1
,1cmt,52,0,0,2.1
,1cmq,52,0,0,2.3
,2euq,52,1,0,1.3
,2aqd,52,1,0,1.35
,2eur,52,1,0,1.39
,2as3,52,1,0,1.4
,2as6,52,1,0,1.45
,2euo,52,1,0,1.45
,2as1,52,1,0,1.55
,2eun,52,1,0,1.7
,1ryc,52,1,0,1.8
,1cmp,52,1,0,1.9
,1aee,53,0,0,2.1
,1aes,53,0,0,2.1
,2anz,53,1,0,1.75
,1ac4,53,1,0,2.1
,1ac8,53,1,0,2.1
,1aef,53,1,0,2.1
,1aeg,53,1,0,2.1
,1aej,53,1,0,2.1
,1aem,53,1,0,2.1
,1aeq,53,1,0,2.1
,1aet,53,1,0,2.1
,1aev,53,1,0,2.1
,1tgn,54,0,0,1.65
,1tgt,54,0,0,1.7
,2tgt,54,0,0,1.7
,1tgb,54,0,0,1.8
,1tgc,54,0,0,1.8
,2tga,54,0,0,1.8
,1btp,54,0,0,2.2
,1bty,54,1,0,1.5
,1tng,54,1,0,1.8
,1tnh,54,1,0,1.8
,1tnj,54,1,0,1.8
,1tnk,54,1,0,1.8
,1tni,54,1,0,1.9
,1tnl,54,1,0,1.9
,3fvj,55,0,0,2.3
,4p2p,55,0,0,2.4
,1l8s,55,1,0,1.55
,1fxf,55,1,0,1.85
,2b00,55,1,0,1.85
,2azy,55,1,0,1.9
,1fx9,55,1,0,2
,2azz,55,1,0,2.2
,2b01,55,1,0,2.2
,2b03,55,1,0,2.3
,2b04,55,1,0,2.5
,3o4m,55,1,0,2.5
,3dr9,56,0,0,1.26
,3kun,56,0,0,1.26
,4dwu,56,0,0,1.44
,4gzg,56,0,0,1.49
,2qfk,56,0,0,1.62
,3mou,56,0,0,1.71
,1ew6,56,0,0,1.78
,4jyq,56,0,0,1.8
,4dwt,56,0,0,2.05
,3ord,56,0,0,2.22
,3lb2,56,1,0,1.06
,4fh6,56,1,0,1.44
,3lb4,56,1,0,1.56
,4fh7,56,1,0,1.74
,3lb1,56,1,0,1.76
,3lb3,56,1,0,1.85
,4ilz,56,1,0,1.91
,9rnt,57,0,0,1.5
,3rnt,57,0,0,1.8
,8rnt,57,0,0,1.8
,3bu4,57,1,0,1.77
,2rnt,57,1,0,1.8
,4bu4,57,1,0,1.8
,5gsp,57,1,0,1.8
,6rnt,57,1,0,1.8
,1bu4,57,1,0,1.9
,1rnt,57,1,0,1.9
,2bu4,57,1,0,1.95
,1rgc,57,1,0,2
,7gsp,57,1,0,2
,4qut,58,0,0,1.7
,4qsq,58,0,0,1.8
,3dai,58,0,0,1.95
,4qsr,58,0,0,2
,4tu6,58,0,0,2.27
,4tt2,58,0,0,2.5
,4tu4,58,1,0,1.73
,4tte,58,1,0,1.8
,4tyl,58,1,0,1.85
,4tz8,58,1,0,2.15
,2vw2,59,0,0,1.7
,4fov,59,0,0,2.29
,2vw0,59,0,0,2.3
,4foy,59,1,0,1.84
,4fpj,59,1,0,1.98
,4foq,59,1,0,1.99
,4fow,59,1,0,2.1
,4fpe,59,1,0,2.18
,4fpy,59,1,0,2.18
,4fpf,59,1,0,2.23
,4fpc,59,1,0,2.32
,2vw1,59,1,0,2.39
,4fpk,59,1,0,2.4
,1w6g,60,0,0,1.55
,1w4n,60,0,0,1.65
,1rjo,60,0,0,1.67
,1sii,60,0,0,1.7
,1sih,60,0,0,1.73
,1w5z,60,0,0,1.86
,3kii,60,0,0,1.9
,3kn4,60,0,0,2.05
,1w6c,60,0,0,2.2
,2cfg,60,1,0,1.55
,2cfd,60,1,0,1.6
,2cg1,60,1,0,1.67
,2bt3,60,1,0,1.73
,2cfw,60,1,0,1.74
,2cfl,60,1,0,1.8
,2cg0,60,1,0,1.8
,7a3h,61,0,0,0.95
,1qhz,61,0,0,1.95
,8a3h,61,1,0,0.97
,1w3l,61,1,0,1.04
,1ocq,61,1,0,1.08
,1h2j,61,1,0,1.15
,1hf6,61,1,0,1.15
,1w3k,61,1,0,1.2
,4a3h,61,1,0,1.65
,1e5j,61,1,0,1.85
,1qi0,61,1,0,2.1
,3c2x,62,0,0,1.83
,4q8s,62,0,0,2.09
,3uml,62,0,0,2.15
,3umq,62,0,0,2.2
,4fnn,62,0,0,2.24
,3usx,62,0,0,2.28
,4q9e,62,0,0,2.31
,4oug,62,0,0,2.46
,3qs0,62,0,0,2.5
,4orv,62,0,0,2.5
,3rt4,62,1,0,1.7
,3o4k,62,1,0,2.11
,3nw3,62,1,0,2.5
,4g03,63,0,0,2.22
,3jry,63,0,0,2.3
,4emx,63,0,0,2.3
,4g04,63,0,0,2.3
,2vue,63,0,0,2.42
,1ao6,63,0,0,2.5
,1bm0,63,0,0,2.5
,4l8u,63,1,0,2.01
,4l9k,63,1,0,2.4
,4la0,63,1,0,2.4
,4iw2,63,1,0,2.41
,2xw1,63,1,0,2.5
,1ppb,64,0,0,1.92
,1abj,64,0,0,2.4
,1hai,64,0,0,2.4
,2uuf,64,1,0,1.26
,1c5l,64,1,0,1.47
,1ad8,64,1,0,2
,1qj1,64,1,0,2
,1hxe,64,1,0,2.1
,1hxf,64,1,0,2.1
,1awf,64,1,0,2.2
,1qj6,64,1,0,2.2
,1hah,64,1,0,2.3
,1ny2,64,1,0,2.3
,3qas,65,0,0,1.7
,1ueh,65,0,0,1.73
,3sgx,65,0,0,2.45
,3th8,65,1,0,2.11
,1x07,65,1,0,2.2
,3p1e,66,0,0,1.8
,3dwy,66,0,0,1.98
,4a9k,66,1,0,1.81
,3p1d,66,1,0,1.86
,2e39,67,0,0,1.3
,2e3a,67,0,0,1.3
,1aru,67,0,0,1.6
,1arv,67,0,0,1.6
,1arw,67,0,0,1.6
,1gzb,67,0,0,1.8
,1arp,67,0,0,1.9
,1arx,67,0,0,1.9
,1ary,67,0,0,1.9
,1gza,67,0,0,2.06
,1hsr,67,1,0,1.6
,1ck6,67,1,0,1.9
,1xvo,68,0,0,0.84
,1gdq,68,0,0,0.93
,1gdu,68,0,0,1.07
,1xvm,68,0,0,1.1
,2g51,68,0,0,1.84
,2g52,68,0,0,1.84
,1pq7,68,1,0,0.8
,1fn8,68,1,0,0.81
,1fy4,68,1,0,0.81
,1fy5,68,1,0,0.81
,1gdn,68,1,0,0.81
,1pq5,68,1,0,0.85
,1pq8,68,1,0,1
,3p1n,69,0,0,1.4
,3ux0,69,0,0,1.75
,4dhr,69,1,0,1.4
,4dhu,69,1,0,1.67
,4dhm,69,1,0,1.7
,4dho,69,1,0,1.7
,4dhs,69,1,0,1.74
,4dhp,69,1,0,1.75
,4dhq,69,1,0,1.75
,4dhn,69,1,0,1.8
,4dht,69,1,0,1.8
,1rtq,70,0,0,0.95
,1lok,70,0,0,1.2
,2dea,70,0,0,1.24
,1amp,70,0,0,1.8
,3fh4,70,0,0,1.95
,2prq,70,0,0,2.15
,2nyq,70,0,0,2.5
,3vh9,70,1,0,1.29
,1cp6,70,1,0,1.9
,1txr,70,1,0,2
,2iq6,70,1,0,2
,1ft7,70,1,0,2.2
,1igb,70,1,0,2.3
,4br9,71,0,0,1.4
,4bro,71,0,0,1.99
,4brm,71,0,0,2.02
,4brp,71,0,0,2.5
,4brc,71,1,0,1.3
,4brq,71,1,0,1.45
,4bra,71,1,0,1.6
,4bre,71,1,0,1.6
,4brf,71,1,0,1.6
,4brl,71,1,0,1.6
,4brh,71,1,0,1.69
,4brn,71,1,0,1.69
,4bri,71,1,0,1.75
,1fz1,72,0,1,1.96
,1fz7,72,0,1,1.96
,1fz3,72,0,1,2.03
,1fz6,72,0,1,2.05
,1fz0,72,0,1,2.07
,1fz8,72,0,1,2.1
,1fz2,72,0,1,2.15
,1fz9,72,0,1,2.3
,1fz4,72,0,1,2.38
,1fz5,72,0,1,2.4
,1xu5,72,1,1,1.96
,1xu3,72,1,1,2.3
,1xvd,72,1,1,2.3
,1xla,73,0,0,2.3
,1xlb,73,0,0,2.5
,1xle,73,0,0,2.5
,1xlh,73,0,0,2.5
,1xlk,73,0,0,2.5
,1xll,73,0,0,2.5
,1did,73,1,0,2.5
,1die,73,1,0,2.5
,1xlc,73,1,0,2.5
,1xld,73,1,0,2.5
,1xlf,73,1,0,2.5
,1xlg,73,1,0,2.5
,1xli,73,1,0,2.5
,1xlj,73,1,0,2.5
,1yph,74,0,1,1.34
,1ab9,74,0,1,1.6
,1gct,74,0,1,1.6
,2gct,74,0,1,1.8
,2gch,74,0,1,1.9
,1gmc,74,0,1,2.2
,1gmd,74,0,1,2.2
,2p8o,74,1,1,1.5
,1gha,74,1,1,2.2
,1xeo,75,0,0,1.3
,1xem,75,0,0,1.76
,1xen,75,0,0,1.85
,1bs4,75,0,0,1.9
,1bsz,75,0,0,1.9
,1icj,75,0,0,1.9
,1bs5,75,0,0,2.5
,1bs7,75,0,0,2.5
,2ai8,75,1,0,1.7
,1g2a,75,1,0,1.75
,1bs6,75,1,0,2.1
,1g27,75,1,0,2.1
,1lru,75,1,0,2.1
,1bs8,75,1,0,2.2
,1q9k,76,0,0,1.96
,1q9l,76,0,0,2.28
,3t65,76,1,0,1.45
,3sy0,76,1,0,1.49
,2r1x,76,1,0,1.6
,2r1y,76,1,0,1.6
,2r2b,76,1,0,1.6
,2r1w,76,1,0,1.7
,3t4y,76,1,0,1.73
,3bpc,76,1,0,1.85
,2r2h,76,1,0,2
,2r2e,76,1,0,2.4
,2ah1,77,0,0,1.2
,2iur,77,0,0,1.3
,2iuv,77,0,0,1.55
,2iup,77,0,0,1.8
,2agw,77,1,0,1.45
,2iuq,77,1,0,1.5
,2hjb,77,1,0,1.85
,3mwv,78,0,1,2.2
,4jy0,78,0,1,2.2
,4jju,78,1,1,1.91
,4j02,78,1,1,2
,4j06,78,1,1,2
,4ju3,78,1,1,2
,4j08,78,1,1,2.1
,4jjs,78,1,1,2.2
,4ju6,78,1,1,2.2
,4j0a,78,1,1,2.4
,4ju4,78,1,1,2.4
,4jvq,78,1,1,2.4
,1dv1,79,0,1,1.9
,1bnc,79,0,1,2.4
,2w70,79,1,1,1.77
,2w6n,79,1,1,1.87
,2w6z,79,1,1,1.9
,2w71,79,1,1,1.99
,2w6m,79,1,1,2
,2w6q,79,1,1,2.05
,2v58,79,1,1,2.1
,2v5a,79,1,1,2.31
,2v59,79,1,1,2.4
,2w6o,79,1,1,2.5
,3c6x,80,0,0,1.05
,3c6z,80,0,0,1.05
,3c70,80,0,0,1.05
,1qj4,80,0,0,1.1
,3c6y,80,0,0,1.25
,2yas,80,0,0,1.72
,7yas,80,0,0,1.75
,3yas,80,0,0,1.85
,6yas,80,0,0,2.2
,1sc9,80,1,0,1.8
,1yas,80,1,0,1.9
,5yas,80,1,0,2.2
,4bnw,81,0,0,1.6
,4afn,81,0,0,2.3
,4ag3,81,1,0,1.8
,4bny,81,1,0,1.8
,4bo2,81,1,0,1.9
,4bnu,81,1,0,2
,4bo1,81,1,0,2.2
,4bnt,81,1,0,2.3
,4bnx,81,1,0,2.3
,4bnv,81,1,0,2.5
,4bnz,81,1,0,2.5
,4bo3,81,1,0,2.5
,3ddo,82,0,0,1.5
,1y1t,82,0,0,1.77
,3dps,82,0,0,1.8
,2hsw,82,0,0,1.99
,1y1r,82,0,0,2.11
,1y1q,82,0,0,2.35
,1sj9,82,0,0,2.5
,3fwp,82,1,0,1.86
,4e1v,82,1,0,2.15
,1h05,83,0,0,1.5
,2dhq,83,0,0,2
,2y71,83,1,0,1.5
,2y77,83,1,0,1.5
,4b6q,83,1,0,1.54
,1h0s,83,1,0,1.7
,4b6o,83,1,0,2
,1h0r,83,1,0,2.1
,4ciy,83,1,0,2.1
,4ciw,83,1,0,2.2
,4b6p,83,1,0,2.3
,2xb8,83,1,0,2.4
,2whe,84,0,0,1.55
,1zol,84,0,0,1.9
,4c4r,84,1,0,1.1
,1o03,84,1,0,1.4
,4c4s,84,1,0,1.5
,4c4t,84,1,0,1.5
,1z4o,84,1,0,1.9
,1z4n,84,1,0,1.97
,1bjz,85,0,0,2.2
,4v2f,85,0,0,2.4
,2vke,85,1,0,1.62
,2o7o,85,1,0,1.89
,2fj1,85,1,0,2.2
,2x6o,85,1,0,2.3
,2x9d,85,1,0,2.34
,1ork,85,1,0,2.4
,1td1,86,0,0,1.9
,1tcu,86,0,0,2
,3e9z,86,0,0,2.31
,3e9r,86,1,0,1.85
,3fnq,86,1,0,1.85
,3e0q,86,1,0,1.9
,3faz,86,1,0,1.9
,3fb1,86,1,0,2
,3iex,86,1,0,2.05
,3djf,86,1,0,2.3
,3f8w,86,1,0,2.3
,1tk3,87,0,0,2
,1nu6,87,0,0,2.1
,3eio,87,1,0,2
,2ogz,87,1,0,2.1
,1rwq,87,1,0,2.2
,4jh0,87,1,0,2.35
,2ole,87,1,0,2.4
,3kwf,87,1,0,2.4
,4lko,87,1,0,2.43
,1n1m,87,1,0,2.5
,2e3s,88,0,0,1.94
,2e3m,88,0,0,2.2
,2e3n,88,1,0,1.4
,2e3p,88,1,0,1.4
,2e3o,88,1,0,1.55
,2e3r,88,1,0,1.65
,3h3s,88,1,0,1.66
,2z9y,88,1,0,1.8
,3h3r,88,1,0,1.85
,3h3q,88,1,0,2
,2e3q,88,1,0,2.08
,3h3t,88,1,0,2.4
,1fxp,89,0,0,1.8
,1fx6,89,0,0,2.06
,3e0i,89,1,0,1.7
,3e12,89,1,0,1.7
,1pe1,89,1,0,1.74
,1jcx,89,1,0,1.8
,1pck,89,1,0,1.8
,2a21,89,1,0,1.8
,1pcw,89,1,0,1.85
,1fy6,89,1,0,1.89
,1fws,89,1,0,1.9
,1fwn,89,1,0,1.94
,2zpb,90,0,0,1.3
,2cyz,90,0,0,1.55
,2ahj,90,0,0,1.7
,2cz7,90,0,0,1.8
,2zpg,90,1,0,1.39
,2zpe,90,1,0,1.48
,2zpf,90,1,0,1.48
,2zpi,90,1,0,1.49
,2zph,90,1,0,1.59
,3tpj,91,0,1,1.61
,3tpl,91,0,1,2.5
,4fgx,91,1,1,1.59
,3tpp,91,1,1,1.6
,4ivt,91,1,1,1.6
,4dvf,91,1,1,1.8
,4dv9,91,1,1,2.08
,2nt0,92,0,1,1.79
,3gxi,92,0,1,1.84
,1ogs,92,0,1,2
,3gxm,92,0,1,2.2
,2nt1,92,0,1,2.3
,2f61,92,0,1,2.5
,3gxd,92,0,1,2.5
,2nsx,92,1,1,2.11
,3gxf,92,1,1,2.4
,3ril,92,1,1,2.4
,3rik,92,1,1,2.48
,3bui,93,0,0,1.25
,3bud,93,0,0,1.85
,3bvx,93,1,0,1.1
,3bvu,93,1,0,1.12
,3bvw,93,1,0,1.2
,3bvt,93,1,0,1.3
,3bvv,93,1,0,1.3
,3czs,93,1,0,1.3
,3czn,93,1,0,1.4
,3cv5,93,1,0,1.6
,3buq,93,1,0,2.01
,1ye3,94,0,0,1.59
,8adh,94,0,0,2.4
,2jhf,94,1,0,1
,1het,94,1,0,1.15
,1heu,94,1,0,1.15
,2jhg,94,1,0,1.2
,1n92,94,1,0,1.47
,2ohx,94,1,0,1.8
,1hf3,94,1,0,1.95
,1hld,94,1,0,2.1
,2oxi,94,1,0,2.1
,4clf,95,0,0,1.7
,4cll,95,0,0,1.7
,4cls,95,0,0,1.85
,4clu,95,0,0,1.9
,4ust,95,0,0,1.9
,4usv,95,0,0,2
,4usu,95,1,0,1.95
,4usw,95,1,0,2.05
,4clw,95,1,0,2.15
,4clk,95,1,0,2.2
,1hcb,96,0,0,1.6
,1hug,96,0,0,2
,1huh,96,0,0,2.2
,2nmx,96,1,0,1.55
,2nn1,96,1,0,1.65
,2nn7,96,1,0,1.85
,3lxe,96,1,0,1.9
,1azm,96,1,0,2
,1bzm,96,1,0,2
,1czm,96,1,0,2
,2fw4,96,1,0,2
,1ous,97,0,0,1.2
,1oux,97,0,0,2
,1uzv,97,1,0,1
,1ovp,97,1,0,1.4
,1our,97,1,0,1.42
,2bp6,97,1,0,1.5
,1ovs,97,1,0,1.75
,2boj,97,1,0,1.8
,3dcq,97,1,0,1.8
,3rwv,98,0,1,1.5
,1swx,98,0,1,1.65
,3rzn,98,1,1,1.1
,3s0k,98,1,1,1.4
,4h2z,98,1,1,1.45
,4gix,98,1,1,1.8
,2euk,98,1,1,1.85
,1sx6,98,1,1,1.95
,4gjq,98,1,1,2
,2evl,98,1,1,2.2
,4gxg,98,1,1,2.4
,3iqo,99,0,0,1.5
,4pdz,99,0,0,1.73
,3cr2,99,0,0,1.88
,3gk4,99,1,0,1.9
,3gk2,99,1,0,1.98
,3gk1,99,1,0,2.1
,3at2,100,0,0,1.6
,3fwq,100,0,0,2.3
,3bqc,100,1,0,1.5
,3c13,100,1,0,1.95
,3at4,100,1,0,2.2
,2zjw,100,1,0,2.4
,3axw,100,1,0,2.5
,1n45,101,0,1,1.5
,1ozw,101,0,1,1.55
,1ozr,101,0,1,1.74
,1twr,101,0,1,2.1
,1t5p,101,0,1,2.11
,1s8c,101,0,1,2.19
,1twn,101,0,1,2.2
,1s13,101,0,1,2.29
,3k4f,101,1,1,2.17
,3hok,101,1,1,2.19
,1ejd,102,0,1,1.55
,1ejc,102,0,1,1.8
,3spb,102,0,1,2.3
,1eyn,102,1,1,1.7
,3lth,102,1,1,1.75
,3swq,102,1,1,1.83
,3upk,102,1,1,2
,1wl6,103,0,0,2
,1wlr,103,0,0,2.1
,1m35,103,0,0,2.4
,2bhc,103,0,0,2.4
,2bhb,103,0,0,2.41
,1a16,103,1,0,2.3
,1n51,103,1,0,2.3
,2bh3,103,1,0,2.4
,2bha,103,1,0,2.4
,2bn7,103,1,0,2.4
,2bhd,103,1,0,2.5
,1sml,104,0,0,1.7
,2fm6,104,0,0,1.75
,2h6a,104,0,0,1.8
,2fu7,104,0,0,1.85
,2fu6,104,0,0,2.05
,2aio,104,1,0,1.7
,2fu8,104,1,0,1.8
,2fu9,104,1,0,1.8
,2gfj,104,1,0,1.8
,2gfk,104,1,0,1.9
,2qdt,104,1,0,2
,1qg5,105,0,1,2
,2q2m,105,0,1,2.1
,4ib7,105,0,1,2.2
,1bsy,105,0,1,2.24
,4ib8,105,0,1,2.3
,2blg,105,0,1,2.46
,2q39,105,0,1,2.5
,4ib6,105,1,1,2.2
,1bso,105,1,1,2.23
,2vb9,106,0,0,1.5
,2buh,106,0,0,1.9
,1g5x,106,0,0,2.45
,2vba,106,1,0,1.36
,2vb8,106,1,0,1.52
,2aqb,106,1,0,2.19
,2aq7,106,1,0,2.3
,1fj4,106,1,0,2.35
,3vaj,107,0,0,1.9
,3vak,107,0,0,2.17
,3vag,107,0,0,2.19
,3vai,107,0,0,2.2
,3vam,107,0,0,2.4
,3vaf,107,0,0,2.49
,3vah,107,0,0,2.5
,3val,107,0,0,2.5
,4tu8,107,1,0,1.92
,4tu9,107,1,0,1.99
,3cab,108,0,0,1.95
,3cdn,108,0,0,2
,3cz2,108,0,0,2.5
,3bjh,108,1,0,1.6
,3bfh,108,1,0,2
,3bfb,108,1,0,2.15
,3bfa,108,1,0,2.25
,2b3h,109,0,0,1.1
,2b3l,109,0,0,1.5
,2b3k,109,0,0,1.55
,4iku,109,1,0,1.3
,2nq6,109,1,0,1.5
,2nq7,109,1,0,1.6
,4ikt,109,1,0,1.6
,4iks,109,1,0,1.7
,4ikr,109,1,0,1.78
,1pod,110,0,0,2.1
,1bbc,110,0,0,2.2
,3u8b,110,0,0,2.3
,1kvo,110,1,0,2
,1kqu,110,1,0,2.1
,1poe,110,1,0,2.1
,1db4,110,1,0,2.2
,1j1a,110,1,0,2.2
,1rtc,111,0,1,2.3
,2r2x,111,0,1,2.4
,4mx5,111,1,1,1.52
,4hv3,111,1,1,1.54
,4mx1,111,1,1,1.59
,2pjo,111,1,1,1.8
,2p8n,111,1,1,1.94
,3hio,111,1,1,2
,2r3d,111,1,1,2.09
,1br6,111,1,1,2.3
,2y1e,112,0,0,1.65
,2y1c,112,0,0,1.9
,2jd2,112,0,0,2.15
,3zi0,112,1,0,1.9
,2y1g,112,1,0,1.95
,2jd1,112,1,0,2
,2y1d,112,1,0,2.05
,3zhz,112,1,0,2.25
,1znk,113,0,0,1.6
,1qy0,113,0,0,1.8
,2ozq,113,0,0,1.8
,1zng,113,1,0,1.6
,1qy1,113,1,0,1.7
,1znl,113,1,0,1.7
,2dm5,113,1,0,1.7
,1qy2,113,1,0,1.75
,1zne,113,1,0,2
,1znh,113,1,0,2.1
,3qcd,114,0,0,1.8
,3qcb,114,0,0,2.1
,3qcc,114,0,0,2.1
,3qcg,114,1,0,2.05
,3qck,114,1,0,2.05
,3qce,114,1,0,2.1
,3qcj,114,1,0,2.26
,3qci,114,1,0,2.27
,3qch,114,1,0,2.4
,3qcf,114,1,0,2.5
,1bhs,115,0,0,2.2
,3km0,115,0,0,2.3
,1jtv,115,1,0,1.54
,1i5r,115,1,0,1.6
,1qyv,115,1,0,1.81
,3hb4,115,1,0,2.21
,1dht,115,1,0,2.24
,4ew1,116,0,0,1.52
,1meo,116,0,0,1.72
,4ew2,116,1,0,1.6
,4ew3,116,1,0,1.7
,1njs,116,1,0,1.98
,1rc0,116,1,0,2.05
,1rbq,116,1,0,2.1
,1rbz,116,1,0,2.1
,1rc1,116,1,0,2.25
,1rbm,116,1,0,2.3
,1bsr,117,0,1,1.9
,1r3m,117,0,1,2.2
,1r5d,117,0,1,2.5
,3djq,117,1,1,1.53
,3djo,117,1,1,1.6
,3djp,117,1,1,1.6
,3djv,117,1,1,1.6
,3djx,117,1,1,1.69
,11ba,117,1,1,2.06
,1r5c,117,1,1,2.1
,3f0d,118,0,0,1.2
,3f0e,118,0,0,2.05
,3f0f,118,0,0,2.09
,3jvh,118,1,0,1.69
,3k14,118,1,0,1.7
,3k2x,118,1,0,1.85
,3f0g,118,1,0,2.08
,3ieq,118,1,0,2.1
,3ojn,119,0,0,1.65
,3bza,119,0,0,1.7
,3ojt,119,0,0,1.7
,3ojj,119,0,0,1.72
,2ig9,119,0,0,1.9
,1q0o,119,0,0,2.3
,4ghg,119,1,0,1.5
,4ghh,119,1,0,1.55
,3ojk,119,1,0,1.68
,1q0c,119,1,0,2.1
,3k0m,120,0,0,1.25
,3k0n,120,0,0,1.39
,2cpl,120,0,0,1.63
,1w8v,120,0,0,1.7
,1ynd,120,1,0,1.6
,1w8m,120,1,0,1.65
,1w8l,120,1,0,1.8
,1vbs,120,1,0,2
,1nmk,120,1,0,2.1
,1vbt,120,1,0,2.3
,1ivg,121,0,0,1.9
,1nn2,121,0,0,2.2
,1ivd,121,1,0,1.9
,1ing,121,1,0,2.4
,1inh,121,1,0,2.4
,1inw,121,1,0,2.4
,1inx,121,1,0,2.4
,1ivc,121,1,0,2.4
,1ive,121,1,0,2.4
,1ivf,121,1,0,2.4
,1gqv,122,0,0,0.98
,1hi2,122,0,0,1.6
,2bzz,122,1,0,0.98
,2c01,122,1,0,1.24
,1hi3,122,1,0,1.8
,1hi4,122,1,0,1.8
,1hi5,122,1,0,1.8
,2c05,122,1,0,1.86
,2c02,122,1,0,2
,4i2a,123,0,0,1.9
,4i2f,123,0,0,2.1
,4i29,123,0,0,2.2
,4i2g,123,0,0,2.5
,4i2d,123,1,0,2.3
,4i2i,123,1,0,2.5
,3g46,124,0,0,0.91
,1nxf,124,0,0,1.85
,3g4r,124,1,0,1.6
,3g53,124,1,0,1.64
,3g52,124,1,0,1.65
,3g4y,124,1,0,1.7
,3g4w,124,1,0,1.9
,3g4u,124,1,0,2.1
,3g4v,124,1,0,2.1
,1tpf,125,0,0,1.8
,5tim,125,0,0,1.83
,1tpd,125,0,0,2.1
,1ag1,125,0,0,2.36
,2v5l,125,0,0,2.4
,1iih,125,1,0,2.2
,6tim,125,1,0,2.2
,4tim,125,1,0,2.4
,1trd,125,1,0,2.5
,2bnm,126,0,0,1.7
,1zzc,126,0,0,1.8
,2bno,126,0,0,1.9
,1zz6,126,0,0,2
,1zz9,126,0,0,2.4
,1zz7,126,1,0,2.1
,1zz8,126,1,0,2.3
,1zzb,126,1,0,2.3
,2bnn,126,1,0,2.5
,2cxn,127,0,0,1.4
,2cxu,127,0,0,1.65
,2cvp,127,0,0,1.8
,2cxq,127,1,0,1.5
,2cxs,127,1,0,1.5
,2cxt,127,1,0,1.5
,2cxp,127,1,0,1.7
,2cxr,127,1,0,1.7
,2cxo,127,1,0,1.8
,1je0,128,0,0,1.6
,1jds,128,0,0,1.8
,1jp7,128,0,0,1.8
,1jpv,128,0,0,1.8
,1jdu,128,0,0,2.5
,1je1,128,1,0,1.8
,1jdt,128,1,0,2
,1jdv,128,1,0,2
,1jdz,128,1,0,2
,1n40,129,0,0,1.06
,3g5f,129,0,0,1.4
,2ij5,129,0,0,1.6
,4g47,129,1,0,1.34
,4g48,129,1,0,1.5
,4g46,129,1,0,1.52
,1n4g,129,1,0,1.8
,2ij7,129,1,0,1.9
,2x1u,130,0,0,1.84
,2x16,130,0,0,2.13
,2x1t,130,1,0,1.83
,2x2g,130,1,0,1.9
,2x1s,130,1,0,1.93
,2x1r,130,1,0,1.98
,2ven,130,1,0,2
,2vel,130,1,0,2.3
,1lls,131,0,1,1.8
,1omp,131,0,1,1.8
,1jw4,131,0,1,2
,1anf,131,1,1,1.67
,3mbp,131,1,1,1.7
,4mbp,131,1,1,1.7
,1dmb,131,1,1,1.8
,1ez9,131,1,1,1.9
,1jw5,131,1,1,2
,3ztw,132,0,0,1.9
,3zwk,132,0,0,2.1
,3zty,132,0,0,2.5
,3zx4,132,1,0,1.74
,3zup,132,1,0,1.8
,3zx5,132,1,0,1.81
,3zu6,132,1,0,1.9
,3zw7,132,1,0,1.9
,3zwd,132,1,0,1.92
,4d8y,133,0,0,1.61
,4d98,133,0,0,1.7
,4da6,133,1,0,1.7
,4dab,133,1,0,1.85
,4d9h,133,1,0,1.91
,4da7,133,1,0,2.05
,4dao,133,1,0,2.22
,4d8v,133,1,0,2.35
,4dae,133,1,0,2.35
,1l4b,134,0,0,1.7
,1l5n,134,0,0,1.9
,1jh8,134,1,0,1.8
,1l5f,134,1,0,1.9
,1jhu,134,1,0,2
,1jhx,134,1,0,2
,1l4e,134,1,0,2
,1jhm,134,1,0,2.2
,1jhp,134,1,0,2.2
,3itx,135,0,0,1.8
,3ity,135,0,0,1.84
,2hcv,135,0,0,2
,3iuh,135,0,0,2
,3iui,135,0,0,2.3
,3iud,135,0,0,2.44
,2i56,135,1,0,1.97
,2i57,135,1,0,1.97
,1o7j,136,0,0,1
,1hfk,136,0,0,2.17
,1hfj,136,0,0,2.4
,1hfw,136,1,0,1.8
,1hg1,136,1,0,1.8
,1hg0,136,1,0,1.9
,2v7i,137,0,0,1.75
,2x66,137,0,0,2.09
,2v7k,137,1,0,1.7
,2v7m,137,1,0,2
,2x68,137,1,0,2.13
,2x67,137,1,0,2.16
,2v7l,137,1,0,2.4
,1gsk,138,0,0,1.7
,2x88,138,0,0,1.8
,1w6l,138,0,0,2
,1w6w,138,0,0,2.2
,1w8e,138,0,0,2.2
,2bhf,138,0,0,2.5
,3zdw,138,1,0,2.4
,1of0,138,1,0,2.45
,1pb3,139,0,0,1.7
,1sjs,139,0,0,2.42
,3icd,139,0,0,2.5
,1pb1,139,1,0,1.7
,1p8f,139,1,0,1.85
,5icd,139,1,0,2.5
,9icd,139,1,0,2.5
,3q6r,140,0,0,1.4
,3q6q,140,0,0,1.43
,3q39,140,1,0,1.25
,3q38,140,1,0,1.28
,3q3a,140,1,0,1.4
,3ry8,140,1,0,1.4
,3pa1,140,1,0,1.48
,3pa2,140,1,0,1.48
,1ppd,141,0,0,2
,1pop,141,0,0,2.1
,1pip,141,1,0,1.7
,1bqi,141,1,0,2.5
,1fsf,142,0,0,1.9
,1dea,142,0,0,2.1
,1fs6,142,0,0,2.2
,1cd5,142,0,0,2.3
,1frz,142,1,0,2.2
,1hor,142,1,0,2.4
,1hot,142,1,0,2.4
,3i11,143,0,0,1.45
,3i13,143,0,0,1.74
,1bvt,143,0,0,1.85
,1bc2,143,0,0,1.9
,1mqo,143,1,0,1.35
,4tyt,143,1,0,1.8
,3l3i,144,0,0,1.7
,3l3d,144,0,0,1.8
,3l3g,144,0,0,2.1
,3l3j,144,0,0,2.4
,1m6o,144,1,0,1.6
,3kpm,144,1,0,1.6
,3dx6,144,1,0,1.7
,3kpl,144,1,0,1.96
,1kw3,145,0,0,1.45
,1eil,145,0,0,2
,1eiq,145,0,0,2
,1dhy,145,0,0,2.3
,1kw6,145,1,0,1.45
,1kw9,145,1,0,1.95
,1eir,145,1,0,2
,1kw8,145,1,0,2
,1jse,146,0,0,1.12
,135l,146,0,0,1.3
,1tew,146,0,0,1.65
,2lz2,146,0,0,2.2
,3lz2,146,0,0,2.5
,1ljn,146,1,0,1.19
,1lzy,146,1,0,1.55
,1jef,146,1,0,1.77
,1zah,147,0,1,1.8
,1zal,147,0,1,1.89
,2quv,147,0,1,2.22
,1zaj,147,1,1,1.89
,2ot1,147,1,1,2.05
,3v9j,148,0,0,1.3
,4lgz,148,0,0,1.67
,3v9k,148,1,0,1.5
,3v9l,148,1,0,1.5
,4lh1,148,1,0,1.67
,4lh2,148,1,0,1.67
,4lh3,148,1,0,1.81
,1iab,149,0,0,1.79
,1ast,149,0,0,1.8
,1iae,149,0,0,1.83
,1iaa,149,0,0,1.9
,1iac,149,0,0,2.1
,1iad,149,0,0,2.3
,1qjj,149,1,0,1.86
,1qji,149,1,0,2.14
,1ms3,150,0,0,1.65
,1ms4,150,0,0,2.21
,1mr5,150,0,0,2.25
,1ms9,150,1,0,1.58
,1ms8,150,1,0,2
,1euw,151,0,0,1.05
,1eu5,151,0,0,1.45
,1dup,151,0,0,1.9
,1seh,151,1,0,1.47
,2hrm,151,1,0,1.7
,2hr6,151,1,0,1.84
,1rn8,151,1,0,1.93
,1dud,151,1,0,2.3
,4jh2,152,0,0,1.27
,4jh1,152,0,0,1.55
,4jh6,152,1,0,1.32
,4jh3,152,1,0,1.5
,4jh7,152,1,0,1.55
,4jh5,152,1,0,1.77
,4jh9,152,1,0,1.77
,4jh4,152,1,0,1.9
,2i4e,153,0,0,1.75
,2i3r,153,0,0,1.85
,2i3u,153,0,0,1.85
,2i4g,153,1,0,1.65
,2i5x,153,1,0,1.7
,2i4h,153,1,0,2.15
,2h02,153,1,0,2.3
,2h04,153,1,0,2.3
,2fs6,154,0,0,1.35
,2fs7,154,0,0,1.55
,2fr3,154,1,0,1.48
,1cbs,154,1,0,1.8
,3cbs,154,1,0,2
,2cbs,154,1,0,2.1
,1cbq,154,1,0,2.2
,1pyl,155,0,0,1.51
,1py3,155,0,0,1.8
,3d5g,155,0,0,1.8
,3dgy,155,1,0,1.8
,3d4a,155,1,0,2.2
,3d5i,155,1,0,2.2
,3dh2,155,1,0,2.25
,1ey0,156,0,1,1.6
,1eyd,156,0,1,1.7
,1stn,156,0,1,1.7
,4wor,156,1,1,1.6
,1snc,156,1,1,1.65
,1stg,156,1,1,1.7
,1sth,156,1,1,1.85
,4m5q,157,0,0,1.53
,4m5v,157,0,0,1.8
,4w9s,157,1,0,1.8
,4mk2,157,1,0,1.85
,4mk5,157,1,0,1.9
,4m5u,157,1,0,2.2
,4m4q,157,1,0,2.5
,3f1p,158,0,0,1.17
,3f1n,158,0,0,1.48
,3h82,158,1,0,1.5
,4ghi,158,1,0,1.5
,3f1o,158,1,0,1.6
,3h7w,158,1,0,1.65
,4gs9,158,1,0,1.72
,4lsf,159,0,0,1.9
,4lsi,159,0,0,2.09
,4lse,159,0,0,2.1
,4lsh,159,0,0,2.2
,4gcs,159,1,0,1.87
,4gcp,159,1,0,1.98
,4gcq,159,1,0,2.2
,3b4o,160,0,0,1.9
,3ex9,160,0,0,2.2
,3jum,160,1,0,1.45
,3cnm,160,1,0,1.65
,3b4p,160,1,0,1.7
,3jup,160,1,0,1.9
,3juo,160,1,0,2.2
,1dcs,161,0,0,1.3
,1rxf,161,0,0,1.5
,1rxg,161,1,0,1.5
,1uo9,161,1,0,1.5
,1uof,161,1,0,1.6
,1uog,161,1,0,1.7
,3gke,162,0,0,1.75
,3gte,162,0,0,1.95
,3gl0,162,1,0,1.75
,3gb4,162,1,0,2.05
,3gob,162,1,0,2.05
,3gl2,162,1,0,2.1
,3gts,162,1,0,2.2
,1rrh,163,0,0,2
,1rrl,163,0,0,2.09
,1jnq,163,1,0,2.1
,1n8q,163,1,0,2.1
,1no3,163,1,0,2.15
,1hu9,163,1,0,2.2
,3czf,164,0,0,1.2
,3hcv,164,0,0,1.95
,1uxw,164,1,0,1.71
,3bp7,164,1,0,1.8
,3b3i,164,1,0,1.86
,1w0w,164,1,0,2.11
,1of2,164,1,0,2.2
,1gpf,165,0,0,1.85
,1e15,165,0,0,1.9
,1o6i,165,1,0,1.7
,1w1v,165,1,0,1.85
,1ur8,165,1,0,1.9
,1w1p,165,1,0,2.1
,1e6r,165,1,0,2.5
,1rtm,166,0,0,1.8
,1kwt,166,0,0,1.95
,1kww,166,1,0,1.9
,1kwu,166,1,0,1.95
,1kwv,166,1,0,2
,1kwx,166,1,0,2
,1kwy,166,1,0,2
,1l7l,167,0,0,1.5
,1uoj,167,0,0,2.4
,4lkf,167,1,0,1.64
,4lke,167,1,0,1.65
,4lk7,167,1,0,1.76
,4lkd,167,1,0,2.31
,1ofb,168,0,0,2.01
,1ofp,168,0,0,2.1
,1ofo,168,1,0,1.86
,1hfb,168,1,0,1.9
,1oab,168,1,0,1.9
,1ofa,168,1,0,2.02
,1of6,168,1,0,2.1
,3wnf,169,0,0,1.45
,3wnh,169,0,0,1.5
,3wne,169,0,0,1.7
,3wng,169,0,0,1.75
,3vq8,169,1,0,1.6
,3vq5,169,1,0,1.7
,3vqe,169,1,0,1.7
,1f7d,170,0,0,1.4
,1f7o,170,0,0,2.2
,1f7k,170,1,0,2.2
,1f7n,170,1,0,2.2
,1f7q,170,1,0,2.26
,1f7p,170,1,0,2.3
,1f7r,170,1,0,2.5
,4hoy,171,0,0,1.78
,4fop,171,0,0,1.86
,4iko,171,0,0,1.9
,4jy7,171,0,0,1.9
,4fot,171,0,0,2.2
,4jx9,171,1,0,1.4
,4jwk,171,1,0,1.87
,1g4i,172,0,0,0.97
,1une,172,0,0,1.5
,1bp2,172,0,0,1.7
,1mkt,172,0,0,1.72
,2bpp,172,0,0,1.8
,1mkv,172,1,0,1.89
,1fdk,172,1,0,1.91
,4qaj,173,0,0,1.5
,4fno,173,0,0,2.25
,4jc4,173,0,0,2.25
,4erx,173,0,0,2.5
,4qbk,173,1,0,1.77
,4qd3,173,1,0,1.89
,2q08,174,0,0,2
,2q6e,174,0,0,2.4
,3hka,174,1,0,1.9
,3hk9,174,1,0,2.1
,3hk5,174,1,0,2.2
,3hk7,174,1,0,2.2
,3hk8,174,1,0,2.2
,1lib,175,0,1,1.7
,1alb,175,0,1,2.5
,1lid,175,1,1,1.6
,1lif,175,1,1,1.6
,3hk1,175,1,1,1.7
,3jsq,175,1,1,2.3
,2ans,175,1,1,2.5
,3nfy,176,0,0,1.94
,1t8p,176,0,0,2.5
,2h4x,176,1,0,1.85
,2a9j,176,1,0,2
,2f90,176,1,0,2
,2h4z,176,1,0,2
,2h52,176,1,0,2
,1n8n,177,0,0,1.69
,3cz4,177,0,0,1.7
,1rmq,177,0,0,2
,1n9k,177,0,0,2.2
,1rmt,177,1,0,1.4
,1rmy,177,1,0,1.75
,2g1a,177,1,0,2
,1pvf,178,0,0,1.78
,2vnq,178,0,0,2.2
,1nfs,178,1,0,1.96
,2vnp,178,1,0,2.19
,1ppw,178,1,0,2.21
,4rj2,179,0,0,0.99
,3onv,179,0,0,1.89
,3ooe,179,0,0,2
,3ut6,179,1,0,1.89
,1pk9,179,1,0,1.9
,1pke,179,1,0,2.3
,1pk7,179,1,0,2.5
,3wra,180,0,0,2.1
,3wr8,180,0,0,2.25
,3wr4,180,1,0,2.4
,3wr9,180,1,0,2.4
,3wrc,180,1,0,2.4
,3wpm,180,1,0,2.5
,3wr3,180,1,0,2.5
,1yy6,181,0,0,1.7
,1yze,181,0,0,2
,2foj,181,1,0,1.6
,2fop,181,1,0,2.1
,2foo,181,1,0,2.2
,1pw9,182,0,0,1.6
,4e52,182,0,0,1.7
,3ikn,182,1,0,1.6
,3ikr,182,1,0,1.65
,3ikp,182,1,0,1.75
,3ikq,182,1,0,2.25
,3rds,183,0,0,1.5
,3rdu,183,0,0,1.5
,3rdx,183,0,0,2.1
,3rdo,183,1,0,1.4
,3rdm,183,1,0,1.6
,3rdq,183,1,0,1.6
,1m4t,184,0,0,1.77
,1m4s,184,0,0,1.87
,2vu1,184,1,0,1.51
,2vu0,184,1,0,1.87
,1nl7,184,1,0,1.9
,1ou6,184,1,0,2.07
,2yf4,185,0,0,1.7
,2yf9,185,0,0,1.9
,2yeu,185,0,0,2
,2yf3,185,0,0,2
,2yfd,185,1,0,1.77
,2yfc,185,1,0,2.01
,4bt2,186,0,0,1.1
,4bt7,186,0,0,1.1
,4bt6,186,0,0,1.6
,4bt3,186,1,0,1.1
,4bt5,186,1,0,1.1
,4bt4,186,1,0,1.6
,2afm,187,0,0,1.66
,2afo,187,0,0,2.35
,2afw,187,1,0,1.56
,2afx,187,1,0,1.64
,2afz,187,1,0,1.68
,3pbb,187,1,0,1.95
,4i64,188,0,0,1.75
,1r7i,188,0,0,2.21
,4i6y,188,1,0,1.45
,4i56,188,1,0,1.5
,4i6w,188,1,0,1.66
,4i6a,188,1,0,1.85
,1gmq,189,0,0,1.8
,1sar,189,0,0,1.8
,1gmp,189,1,0,1.7
,1gmr,189,1,0,1.77
,2sar,189,1,0,1.8
,1rsn,189,1,0,2
,2fmf,190,0,0,2
,2flk,190,0,0,2.1
,2fmi,190,0,0,2.3
,2fka,190,1,0,2
,2flw,190,1,0,2
,2fmh,190,1,0,2
,1n1b,191,0,0,2
,1n1z,191,0,0,2.3
,1n20,191,1,0,2.3
,1n24,191,1,0,2.3
,1n22,191,1,0,2.4
,1n23,191,1,0,2.4
,3kqx,192,0,0,2.01
,3kqz,192,0,0,2.39
,3kr4,192,1,0,2
,3t8w,192,1,0,2
,4k3n,192,1,0,2
,4r76,192,1,0,2.5
,1f6k,194,0,0,1.6
,1f5z,194,0,0,1.88
,1f6p,194,0,0,2.25
,1f74,194,1,0,1.6
,1f73,194,1,0,1.95
,3tg0,195,0,0,1.2
,1y6v,195,0,0,1.6
,1ed8,195,0,0,1.75
,1ed9,195,0,0,1.75
,1ew9,195,1,0,2
,1ew8,195,1,0,2.2
,1mkx,196,0,1,2.2
,1mkw,196,0,1,2.3
,1etr,196,1,1,2.2
,1ets,196,1,1,2.3
,1ett,196,1,1,2.5
,1uvt,196,1,1,2.5
,2aju,197,0,0,1.5
,2ajs,197,0,0,1.7
,2ajv,197,1,0,1.5
,2ajx,197,1,0,1.85
,2ak1,197,1,0,1.85
,2ajz,197,1,0,2.3
,3s0a,198,0,0,1.15
,3rzs,198,0,0,1.88
,3s0f,198,0,0,2.03
,3s0b,198,1,0,1.22
,3s0d,198,1,0,1.24
,3s0e,198,1,0,1.6
,3pbf,199,0,0,1.8
,1r13,199,0,0,2.1
,3par,199,0,0,2.3
,1r14,199,0,0,2.5
,3pak,199,1,0,1.9
,3paq,199,1,0,2.1
,4enl,200,0,0,1.9
,3enl,200,0,0,2.25
,5enl,200,1,0,2.2
,6enl,200,1,0,2.2
,7enl,200,1,0,2.2
,1els,200,1,0,2.4
,3ppg,201,0,0,1.98
,3ppf,201,0,0,2.3
,4l6o,201,1,0,1.88
,4l61,201,1,0,2.13
,4l5z,201,1,0,2.18
,4l64,201,1,0,2.18
,2bum,202,0,0,1.8
,1eoa,202,0,0,2.15
,1eo2,202,0,0,2.25
,2bur,202,1,0,1.8
,1eob,202,1,0,2.2
,1eoc,202,1,0,2.25
,2ptw,203,0,0,1.9
,2ptx,203,0,0,1.9
,2ptz,203,1,0,1.65
,2pu1,203,1,0,1.8
,2pu0,203,1,0,1.9
,2pty,203,1,0,2
,1v8n,204,0,0,1.74
,1v8i,204,0,0,1.76
,1v8m,204,1,0,1.8
,1v8r,204,1,0,1.8
,1v8l,204,1,0,2.1
,1v8s,204,1,0,2.2
,2de6,205,0,0,1.8
,3vmh,205,0,0,1.85
,2de5,205,0,0,1.9
,3vmg,205,1,0,1.95
,2de7,205,1,0,2
,3vmi,205,1,0,2
,1u1s,206,0,0,1.6
,1u1t,206,0,0,1.9
,4j6y,206,0,0,2.14
,4j5y,206,1,0,2.1
,4j6x,206,1,0,2.22
,3kl1,207,0,0,1.55
,3kdh,207,0,0,1.65
,3ns2,207,1,0,1.63
,3nr4,207,1,0,2.01
,3kdi,207,1,0,2.38
,3hi7,208,0,0,1.8
,3mph,208,0,0,2.05
,3k5t,208,0,0,2.11
,3hig,208,1,0,2.09
,3hii,208,1,0,2.15
,1psr,209,0,0,1.05
,2psr,209,0,0,2.05
,3psr,209,0,0,2.5
,2wor,209,1,0,1.7
,2wos,209,1,0,1.7
,4as4,210,0,1,1.7
,1ime,210,0,1,2.25
,1imf,210,0,1,2.5
,1imb,210,1,1,2.2
,1ima,210,1,1,2.3
,3twz,211,0,0,1.75
,3m8w,211,0,0,1.85
,3m8y,211,0,0,2.1
,3ot9,211,1,0,1.75
,3uo0,211,1,0,2.3
,1ho1,212,0,0,2
,1ixp,212,0,0,2.3
,1ixq,212,0,0,2.3
,1ho4,212,1,0,2.3
,1ixo,212,1,0,2.3
,2rh2,213,0,0,0.96
,2gqv,213,0,0,1.1
,1vie,213,0,0,1.7
,1vif,213,1,0,1.8
,2rk2,213,1,0,1.9
,1m4l,214,0,0,1.25
,1arl,214,0,0,1.88
,1cpx,214,0,0,2
,2rfh,214,1,0,1.7
,1f57,214,1,0,1.75
,4hvo,215,0,0,1.75
,1yfu,215,0,0,1.9
,1yfw,215,1,0,2
,1yfx,215,1,0,2
,3ssw,216,0,0,1.67
,1mi7,216,0,0,2.5
,2oz9,216,1,0,1.65
,1zt9,216,1,0,2
,1wrp,216,1,0,2.2
,1dbf,217,0,0,1.3
,3zo8,217,0,0,1.59
,2chs,217,0,0,1.9
,1com,217,1,0,2.2
,2cht,217,1,0,2.2
,1v3b,218,0,0,2
,1v2i,218,0,0,2.2
,1v3e,218,1,0,1.89
,1v3d,218,1,0,2.28
,1v3c,218,1,0,2.3
,4j0d,219,0,0,1.6
,4j0c,219,0,0,1.65
,4j0i,219,1,0,1.75
,4j0h,219,1,0,1.8
,4j0j,219,1,0,2
,1djh,220,0,0,2.5
,1dji,220,0,0,2.5
,2isd,220,0,0,2.5
,1djx,220,1,0,2.3
,1djw,220,1,0,2.45
,2oa6,221,0,0,2.15
,2e4o,221,0,0,2.2
,3bny,221,1,0,1.89
,3bnx,221,1,0,2.1
,3cke,221,1,0,2.4
,3c95,222,0,1,1.7
,1fxx,222,0,1,2.4
,2qxf,222,1,1,1.5
,3hl8,222,1,1,1.55
,3hp9,222,1,1,1.6
,2sga,223,0,0,1.5
,1sgc,223,0,0,1.8
,3sga,223,0,0,1.8
,4sga,223,1,0,1.8
,5sga,223,1,0,1.8
,4j0u,224,0,0,1.97
,3zgq,224,0,0,2.2
,4hor,224,1,0,1.86
,4hos,224,1,0,2
,4hot,224,1,0,2.5
,4h00,225,0,0,2
,4h01,225,0,0,2
,4lcq,225,1,0,1.81
,4lcr,225,1,0,2
,4lcs,225,1,0,2.2
,3gd6,226,0,0,1.6
,3fyy,226,0,0,1.8
,2oqy,226,0,0,2
,3es7,226,1,0,1.9
,3es8,226,1,0,2.2
,3wsi,227,0,0,2.3
,3wsd,227,0,0,2.5
,3wse,227,0,0,2.5
,3wsf,227,1,0,2
,3wsg,227,1,0,2
,4ehx,228,0,0,1.9
,4itn,228,0,0,2.19
,4itl,228,1,0,2.09
,4ehy,228,1,0,2.2
,4itm,228,1,0,2.2
,3wmy,229,0,0,1.4
,3wmz,229,0,0,1.9
,3wn0,229,1,0,1.9
,3wn1,229,1,0,2
,3wn2,229,1,0,2.1
,1ttc,230,0,1,1.7
,3kgs,230,0,1,1.8
,3djt,230,0,1,2.3
,1eta,230,1,1,1.7
,3kgt,230,1,1,1.95
,3a7f,231,0,0,1.55
,3a7g,231,0,0,2
,3a7i,231,1,0,1.45
,3a7j,231,1,0,1.5
,3a7h,231,1,0,1.96
,2y3z,232,0,0,1.83
,2y40,232,0,0,2.5
,2y41,232,1,0,2.2
,2y42,232,1,0,2.5
,3azy,233,0,0,1.65
,3azx,233,0,0,1.8
,3b01,233,0,0,1.87
,3b00,233,1,0,1.74
,3azz,233,1,0,1.81
,1qus,234,0,0,1.7
,1qdr,234,0,0,2.1
,1qdt,234,0,0,2.1
,1d0l,234,1,0,1.97
,1qut,234,1,0,2.44
,3m6o,235,0,0,2
,3pn2,235,0,0,2
,3pn3,235,1,0,1.3
,3pn4,235,1,0,1.9
,3m6p,235,1,0,2
,1byi,236,0,0,0.97
,1dbs,236,0,0,1.8
,1dad,236,1,0,1.6
,1dai,236,1,0,1.64
,1dae,236,1,0,1.7
,4phn,237,0,1,1.79
,1alv,237,0,1,1.9
,1nx2,237,0,1,2.2
,1alw,237,1,1,2.03
,1nx3,237,1,1,2.45
,4a88,238,0,0,1.51
,4a8g,238,0,0,2.1
,4a87,238,1,0,1.24
,4a85,238,1,0,1.4
,4a80,238,1,0,1.96
,2wlc,239,0,0,1.95
,2wld,239,0,0,2.2
,2wlg,239,1,0,1.9
,2wle,239,1,0,2.19
,2wlf,239,1,0,2.35
,1qcg,240,0,0,2.1
,1paf,240,0,0,2.5
,1qci,240,1,0,2
,1d6a,240,1,0,2.1
,1qcj,240,1,0,2.1
,3pb6,241,0,0,1.05
,3pb4,241,0,0,1.13
,3pb9,241,1,0,1.12
,3pb8,241,1,0,1.13
,3pb7,241,1,0,1.4
,1lbv,242,0,0,1.8
,1lbw,242,0,0,2
,1lbz,242,1,0,2.2
,1lby,242,1,0,2.25
,1lbx,242,1,0,2.4
,2pa5,243,0,0,1.6
,4icz,243,0,0,1.9
,4ge6,243,1,0,1.4
,4ge2,243,1,0,1.8
,4ge5,243,1,0,2
,1u6i,244,0,0,2.2
,1u6j,244,0,0,2.4
,3iqf,244,1,0,2.1
,3iqz,244,1,0,2.1
,2duo,245,0,0,1.8
,2dup,245,0,0,2.1
,2dur,245,1,0,1.65
,2duq,245,1,0,1.8
,3n5k,246,0,0,2.2
,1su4,246,0,0,2.4
,1wpg,246,1,0,2.3
,2agv,246,1,0,2.4
,3per,247,0,0,2.1
,3q1g,247,0,0,2.5
,3pf7,247,1,0,1.9
,3pm5,247,1,0,2.3
,1gxy,248,0,0,1.71
,1gy0,248,0,0,2.08
,1og1,248,1,0,2
,1gxz,248,1,0,2.1
,1ecf,249,0,1,2
,1ecg,249,0,1,2.3
,1ecc,249,1,1,2.4
,1ecj,249,1,1,2.5
,2d6k,250,0,0,2.5
,2d6l,250,0,0,2.5
,2d6m,250,1,0,1.6
,2d6n,250,1,0,2
,4b4p,251,0,0,1.8
,4bwo,251,0,0,1.8
,4b4r,251,1,0,1.8
,4b4q,251,1,0,2
,2yrw,252,0,0,2.2
,2ys7,252,0,0,2.21
,2yrx,252,1,0,1.9
,2ys6,252,1,0,2.21
,2oam,253,0,0,2.3
,2o9z,253,0,0,2.49
,2e4g,253,1,0,2.08
,2oal,253,1,0,2.1
,3mwp,254,0,0,1.79
,3mwt,254,0,0,1.98
,3mx5,254,1,0,1.9
,3mx2,254,1,0,1.98
,1dc5,255,0,0,2
,1dc3,255,0,0,2.5
,1gad,255,1,0,1.8
,1dc6,255,1,0,2
,1ogc,256,0,0,2
,1ogf,256,0,0,2.3
,1ogd,256,1,0,1.95
,1oge,256,1,0,2.05
,1oxs,257,0,0,1.65
,1oxt,257,0,0,2.1
,1oxv,257,1,0,1.95
,1oxu,257,1,0,2.1
,3mvi,258,0,0,1.6
,3mvt,258,0,0,2.2
,1a4m,258,1,0,1.95
,1add,258,1,0,2.4
,1gik,259,0,0,1.8
,1j1q,259,0,0,1.8
,1j1r,259,1,0,1.9
,1j1s,259,1,0,2
,3ivy,260,0,0,1.35
,3iw0,260,0,0,1.7
,3iw1,260,1,0,2
,3iw2,260,1,0,2.19
,1tks,261,0,0,1.6
,2ris,261,0,0,1.6
,1tku,261,1,0,1.66
,2riu,261,1,0,1.7
,1ve6,262,0,0,2.1
,3o4g,262,0,0,2.5
,2hu5,262,1,0,2
,2hu7,262,1,0,2.01
,1m47,263,0,1,1.99
,1m4c,263,0,1,2.4
,1m48,263,1,1,1.95
,1m49,263,1,1,2
,2yvm,264,0,0,1.7
,2yvn,264,0,0,1.84
,2yvp,264,1,0,1.66
,2yvo,264,1,0,1.67
,3e8m,265,0,0,1.1
,3e84,265,0,0,1.85
,3e81,265,1,0,1.63
,4hgo,265,1,0,2.1
,1yxl,266,0,0,1.48
,1sz8,266,0,0,1.5
,1oxr,266,1,0,1.93
,1td7,266,1,0,2.5
,3t3p,267,0,0,2.2
,3zdx,267,0,0,2.45
,3ze2,267,1,0,2.35
,3zdy,267,1,0,2.45
,2j45,268,0,0,1.14
,2j46,268,0,0,1.14
,2c04,268,1,0,1.15
,1o87,268,1,0,2.1
,1j2t,269,0,0,1.8
,1j2u,269,0,0,1.85
,1v7z,269,1,0,1.6
,3a6d,269,1,0,1.9
,2z3g,270,0,0,1.5
,1wn5,270,0,0,1.8
,2z3h,270,1,0,1.5
,1wn6,270,1,0,1.8
,4xim,271,0,0,2.3
,7xim,271,0,0,2.4
,1xim,271,1,0,2.2
,6xim,271,1,0,2.5
,4c6c,272,0,0,1.45
,4by3,272,0,0,1.73
,4c6l,272,1,0,1.55
,4c6m,272,1,0,1.62
,2y7e,273,0,0,1.28
,2y7d,273,0,0,1.59
,2y7g,273,1,0,1.4
,2y7f,273,1,0,1.75
,4ntz,274,0,0,1.69
,4w5h,274,0,0,1.96
,4nu0,274,1,0,1.49
,4w5j,274,1,0,1.65
,1pkh,275,0,0,1.42
,1ogh,275,0,0,1.88
,1pkk,275,1,0,1.77
,1pkj,275,1,0,2.1
,1odk,276,0,0,1.9
,1odl,276,0,0,2.1
,1odi,276,1,0,2.4
,1odj,276,1,0,2.4
,4hsw,277,0,0,1.22
,4kjt,277,0,0,1.44
,4hsx,277,1,0,1.12
,4kmv,277,1,0,1.44
,1u94,278,0,0,1.9
,1u98,278,0,0,2
,1xmv,278,1,0,1.9
,1xms,278,1,0,2.1
,3dxl,279,0,0,1.3
,3dy9,279,0,0,1.7
,3dye,279,1,0,1.75
,3dzt,279,1,0,1.8
,3kv7,280,0,0,1.56
,3kx7,280,0,0,1.7
,3kw1,280,1,0,1.9
,3kvz,280,1,0,2.1
,1ah6,281,0,0,1.8
,1ah8,281,0,0,2.1
,4asg,281,1,0,2.2
,4asa,281,1,0,2.25
,2qul,282,0,0,1.79
,2ou4,282,0,0,2.5
,2qun,282,1,0,2.06
,2qum,282,1,0,2.28
,4c9m,283,0,0,1.8
,3lxh,283,0,0,2.2
,4c9l,283,1,0,1.8
,3lxi,283,1,0,2.2
,1x8g,284,0,0,1.7
,3f9o,284,0,0,2.03
,2qds,284,1,0,1.66
,2gkl,284,1,0,1.86
,3ppn,285,0,0,2.3
,3ppp,285,0,0,2.4
,3ppq,285,1,0,1.91
,3ppr,285,1,0,2.1
,2f2q,286,0,0,1.45
,1t8a,286,0,0,2
,2f47,286,1,0,1.7
,2f32,286,1,0,1.8
,1is6,287,0,0,1.7
,1is5,287,0,0,2
,1is3,287,1,0,1.45
,1is4,287,1,0,1.9
,3kjh,288,0,0,1.9
,3kje,288,0,0,2.3
,3kji,288,1,0,2.13
,3kjg,288,1,0,2.3
,1q7z,289,0,0,1.7
,1q7m,289,0,0,2.1
,3bof,289,1,0,1.7
,3bol,289,1,0,1.85
,3t2b,290,0,0,1.52
,3t2f,290,0,0,1.9
,3t2d,290,1,0,1.36
,3t2e,290,1,0,1.66
,1k3o,291,0,0,1.8
,1gsd,291,0,0,2.5
,1k3y,291,1,0,1.3
,1k3l,291,1,0,1.5
,2hhc,292,0,0,1.54
,2hlh,292,0,0,1.95
,3siw,292,1,0,1.98
,3six,292,1,0,2.35
,1knq,293,0,0,2
,1ko1,293,0,0,2.09
,1ko5,293,1,0,2.28
,1ko8,293,1,0,2.4
,1yuy,294,0,0,1.9
,1yv2,294,0,0,2.5
,1yvx,294,1,0,2
,1yvz,294,1,0,2.2
,2g3x,295,0,0,1.58
,2noy,295,0,0,1.8
,4i87,295,1,0,1.69
,4i89,295,1,0,1.69
,3quq,296,0,0,1.65
,3qx7,296,0,0,2
,3qxg,296,1,0,1.24
,3qu2,296,1,0,1.95
,1ade,297,0,0,2
,1adi,297,0,0,2.5
,1hon,297,1,0,2.3
,1hop,297,1,0,2.3
,3jsl,298,0,0,1.8
,3jsn,298,0,0,1.9
,4cc5,298,1,0,1.88
,4cc6,298,1,0,2.01
,4r8r,299,0,0,1.46
,4r05,299,0,0,2.1
,4r8s,299,1,0,1.48
,3p97,299,1,0,1.7
,1lci,300,0,0,2
,1ba3,300,0,0,2.2
,3rix,300,1,0,1.7
,4e5d,300,1,0,2.2
,3c9z,301,0,0,1.35
,3ca0,301,0,0,1.95
,3ca6,301,1,0,1.4
,3cah,301,1,0,1.55
,1e43,302,0,0,1.7
,1e3x,302,0,0,1.9
,1e3z,302,1,0,1.93
,1e40,302,1,0,2.2
,1vfj,303,0,0,1.7
,1v3r,303,0,0,1.85
,1v3s,303,1,0,1.85
,1v9o,303,1,0,2
,1d9e,304,0,0,2.4
,1x8f,304,0,0,2.4
,1phw,304,1,0,2.36
,1g7v,304,1,0,2.4
,1k6i,305,0,0,1.8
,1k6j,305,0,0,1.8
,1k6x,305,1,0,1.5
,1ti7,305,1,0,1.7
