The following is an index of the unified binding sites (UBSs) for the various families in this dataset,,,,
"Chains: An asterisk (*) indicates that only one chain is primary in these PDB files, and only that copy is included in the corresponding data file.",,,,
"For the families where there are multiple chains for the binding site, they are divided into chain ""1"" and chain ""2"" which are again arbetrary. ",,,,
"As an example: in a dimer of heterodimers with chains ABCD, where A+C are sequence identical, and B+D are sequence identical, A+C would both be ""1"" and B+D would be ""2""",,,,
,Fam#,Res,Res#,Chain
,1,ASP,119,*
,1,ASP,70,*
,1,ASP,105,*
,1,ILE,116,*
,1,ILE,106,*
,1,ILE,76,*
,1,LYS,51,*
,1,GLY,120,*
,1,TRP,81,*
,1,TRP,80,*
,1,TRP,126,*
,1,PHE,52,*
,1,GLN,75,*
,1,SER,104,*
,1,SER,54,*
,1,ASN,77,*
,1,ASN,64,*
,1,ASN,62,*
,1,ASN,121,*
,1,ASN,55,*
,1,LEU,74,*
,1,LEU,93,*
,1,VAL,127,*
,1,GLU,53,*
,1,ARG,32,*
,1,ARG,91,*
,1,THR,107,*
,1,ALA,128,*
,1,ALA,60,*
,1,ALA,28,*
,1,ALA,125,*
,1,ALA,29,*
,1,HIS,33,*
,2,ASP,129,*
,2,ASN,231,*
,2,ASN,67,*
,2,ASN,11,*
,2,ASN,62,*
,2,PRO,200,*
,2,PRO,201,*
,2,VAL,206,*
,2,VAL,142,*
,2,VAL,134,*
,2,VAL,121,*
,2,LEU,197,*
,2,LEU,203,*
,2,LEU,60,*
,2,LEU,140,*
,2,LYS,169,*
,2,ILE,91,*
,2,GLU,238,*
,2,GLU,69,*
,2,GLU,106,*
,2,GLU,235,*
,2,TYR,7,*
,2,ARG,58,*
,2,TRP,208,*
,2,TRP,5,*
,2,GLY,8,*
,2,GLY,6,*
,2,GLY,131,*
,2,GLY,232,*
,2,THR,198,*
,2,THR,199,*
,2,PHE,130,*
,2,PHE,230,*
,2,ALA,65,*
,2,HIS,119,*
,2,HIS,4,*
,2,HIS,64,*
,2,HIS,94,*
,2,HIS,96,*
,2,GLN,92,*
,2,GLN,135,*
,2,SER,196,*
,3,ASP,127,*
,3,ASP,145,*
,3,ASP,86,*
,3,ASN,132,*
,3,LEU,134,*
,3,LEU,83,*
,3,LEU,148,*
,3,VAL,18,*
,3,VAL,64,*
,3,ILE,10,*
,3,LYS,33,*
,3,LYS,88,*
,3,LYS,89,*
,3,LYS,129,*
,3,LYS,9,*
,3,TYR,15,*
,3,GLU,81,*
,3,GLU,8,*
,3,GLU,12,*
,3,GLY,11,*
,3,GLY,16,*
,3,GLY,13,*
,3,THR,14,*
,3,ALA,144,*
,3,ALA,31,*
,3,PHE,80,*
,3,PHE,82,*
,3,HIS,84,*
,3,GLN,131,*
,3,GLN,85,*
,4,ASP,194,*
,4,ASP,199,*
,4,ASN,102,*
,4,ASN,146,*
,4,PRO,226,*
,4,VAL,228,*
,4,VAL,214,*
,4,LEU,104,*
,4,LYS,225,*
,4,LYS,66,*
,4,LYS,148,*
,4,TYR,99,*
,4,TYR,154,*
,4,TYR,229,*
,4,TYR,45,*
,4,TRP,216,*
,4,GLY,217,*
,4,GLY,219,*
,4,GLY,198,*
,4,GLY,151,*
,4,GLY,227,*
,4,CYS,64,*
,4,CYS,196,*
,4,CYS,220,*
,4,CYS,48,*
,4,THR,152,*
,4,THR,103,*
,4,ALA,221,*
,4,PHE,47,*
,4,HIS,63,*
,4,HIS,46,*
,4,GLN,197,*
,4,GLN,178,*
,4,SER,149,*
,4,SER,215,*
,4,SER,200,*
,4,SER,101,*
,4,SER,218,*
,4,SER,195,*
,4,SER,150,*
,5,ASP,147,*
,5,ASP,109,*
,5,ASN,93,*
,5,ASN,70,*
,5,ASN,97,*
,5,PRO,68,*
,5,VAL,69,*
,5,VAL,144,*
,5,LYS,92,*
,5,LYS,67,*
,5,LYS,33,*
,5,GLU,137,*
,5,GLU,112,*
,5,ARG,111,*
,5,ARG,65,*
,5,CYS,98,*
,5,CYS,91,*
,5,THR,71,*
,5,PHE,146,*
,5,ALA,30,*
,5,ALA,148,*
,5,ALA,135,*
,5,HIS,38,*
,5,HIS,145,*
,5,GLN,95,*
,5,GLN,37,*
,5,SER,149,*
,6,ASP,402,*
,6,ASP,370,*
,6,ASP,382,*
,6,ASP,458,*
,6,ASN,348,*
,6,ASN,344,*
,6,ASN,343,*
,6,VAL,371,*
,6,LEU,365,*
,6,LEU,434,*
,6,ILE,420,*
,6,GLU,398,*
,6,GLU,375,*
,6,TYR,342,*
,6,TYR,389,*
,6,TYR,425,*
,6,ARG,435,*
,6,GLY,421,*
,6,TRP,347,*
,6,THR,361,*
,6,ALA,345,*
,6,PHE,362,*
,6,PHE,346,*
,6,HIS,463,*
,6,HIS,374,*
,6,HIS,378,*
,7,CYS,95,1
,7,CYS,31,2
,7,CYS,100,1
,7,ASN,27,2
,7,ALA,38,2
,7,HIS,34,2
,7,HIS,29,2
,7,VAL,26,2
,7,LEU,35,2
,7,LEU,30,2
,7,LEU,102,1
,7,LEU,41,2
,7,LEU,105,1
,7,ILE,99,1
,7,SER,98,1
,8,LEU,130,*
,8,LEU,37,*
,8,VAL,36,*
,8,VAL,141,*
,8,LYS,35,*
,8,GLU,74,*
,8,THR,139,*
,8,THR,138,*
,8,THR,126,*
,8,MET,33,*
,8,ALA,128,*
,8,ALA,129,*
,8,SER,137,*
,8,SER,72,*
,8,SER,135,*
,9,ASP,152,*
,9,ASN,109,*
,9,ASN,73,*
,9,ASN,47,*
,9,VAL,71,*
,9,LEU,134,*
,9,LEU,49,*
,9,LEU,148,*
,9,GLU,75,*
,9,GLU,68,*
,9,TYR,67,*
,9,TYR,78,*
,9,ARG,108,*
,9,TRP,103,*
,9,TRP,116,*
,9,TRP,144,*
,9,TRP,132,*
,9,GLY,137,*
,9,GLY,50,*
,9,GLY,72,*
,9,THR,114,*
,9,PHE,53,*
,9,ALA,74,*
,9,ALA,70,*
,9,ALA,110,*
,9,HIS,151,*
,9,HIS,111,*
,9,SER,112,*
,9,SER,69,*
,9,SER,136,*
,9,SER,76,*
,9,SER,51,*
,10,ASP,145,*
,10,ASP,88,*
,10,ASP,144,*
,10,ASN,93,*
,10,ASN,140,*
,10,ASN,135,*
,10,PRO,86,*
,10,PRO,82,*
,10,LEU,92,*
,10,LEU,94,*
,10,VAL,87,*
,10,ILE,146,*
,10,LYS,91,*
,10,TYR,139,*
,10,TYR,97,*
,10,CYS,136,*
,10,TRP,81,*
,10,MET,149,*
,10,MET,132,*
,10,MET,105,*
,10,PHE,83,*
,10,GLN,85,*
,11,ASP,304,*
,11,ASP,139,*
,11,PRO,229,*
,11,PRO,54,*
,11,LYS,315,*
,11,LYS,306,*
,11,LYS,180,*
,11,LYS,67,*
,11,LYS,83,*
,11,LYS,331,*
,11,ILE,49,*
,11,ILE,307,*
,11,GLY,52,*
,11,GLY,333,*
,11,GLY,337,*
,11,GLY,230,*
,11,GLY,336,*
,11,GLY,79,*
,11,TRP,109,*
,11,GLN,251,*
,11,GLN,136,*
,11,SER,252,*
,11,SER,228,*
,11,SER,144,*
,11,SER,80,*
,11,ASN,362,*
,11,ASN,359,*
,11,ASN,305,*
,11,ASN,168,*
,11,LEU,147,*
,11,LEU,173,*
,11,LEU,309,*
,11,LEU,232,*
,11,LEU,177,*
,11,LEU,135,*
,11,VAL,137,*
,11,VAL,225,*
,11,VAL,227,*
,11,TYR,237,*
,11,TYR,166,*
,11,TYR,56,*
,11,GLU,244,*
,11,GLU,288,*
,11,GLU,235,*
,11,ARG,365,*
,11,ARG,248,*
,11,ARG,164,*
,11,ARG,220,*
,11,THR,335,*
,11,THR,332,*
,11,ALA,308,*
,11,ALA,334,*
,11,ALA,310,*
,11,ALA,236,*
,11,ALA,247,*
,11,ALA,176,*
,11,HIS,226,*
,12,ASP,127,1
,12,ASN,109,2
,12,PRO,96,1
,12,VAL,97,1
,12,LEU,106,1
,12,LEU,101,1
,12,LYS,100,1
,12,GLU,102,2
,12,TYR,36,2
,12,TYR,141,1
,12,ARG,142,1
,12,ARG,105,2
,12,TRP,38,2
,12,THR,138,1
,12,ALA,131,1
,12,PHE,37,1
,12,HIS,104,1
,13,ASP,119,*
,13,ASP,74,*
,13,ASP,213,*
,13,ASN,164,*
,13,LEU,238,*
,13,LEU,160,*
,13,LEU,167,*
,13,VAL,114,*
,13,VAL,235,*
,13,TYR,46,*
,13,ARG,237,*
,13,GLY,212,*
,13,GLY,209,*
,13,GLY,239,*
,13,CYS,240,*
,13,CYS,210,*
,13,CYS,72,*
,13,CYS,56,*
,13,TRP,109,*
,13,TRP,190,*
,13,THR,163,*
,13,THR,232,*
,13,THR,111,*
,13,THR,193,*
,13,THR,55,*
,13,PHE,234,*
,13,ALA,115,*
,13,HIS,71,*
,13,HIS,54,*
,13,GLN,211,*
,13,SER,233,*
,13,SER,214,*
,13,SER,236,*
,14,ASP,48,*
,14,ASN,99,*
,14,ASN,101,*
,14,ASN,58,*
,14,PRO,59,*
,14,PRO,55,*
,14,VAL,46,*
,14,LEU,3,*
,14,LEU,16,*
,14,LEU,10,*
,14,LEU,2,*
,14,LEU,54,*
,14,ILE,18,*
,14,ILE,9,*
,14,LYS,67,*
,14,LYS,60,*
,14,LYS,7,*
,14,TYR,27,*
,14,TYR,21,*
,14,TYR,66,*
,14,TYR,51,*
,14,GLU,11,*
,14,ARG,68,*
,14,TRP,30,*
,14,CYS,28,*
,14,CYS,57,*
,14,CYS,49,*
,14,CYS,44,*
,14,CYS,121,*
,14,GLY,52,*
,14,GLY,6,*
,14,GLY,32,*
,14,GLY,31,*
,14,GLY,29,*
,14,PHE,45,*
,14,PHE,96,*
,14,PHE,5,*
,14,ALA,17,*
,14,HIS,47,*
,14,GLN,98,*
,14,SER,22,*
,14,SER,23,*
,15,ASP,308,*
,15,ASP,170,*
,15,ASP,124,*
,15,ASP,104,*
,15,ASP,208,*
,15,ASP,122,*
,15,ASP,100,*
,15,PRO,371,*
,15,LEU,214,*
,15,LEU,102,*
,15,LEU,313,*
,15,LEU,222,*
,15,ILE,391,*
,15,ILE,306,*
,15,ILE,166,*
,15,ILE,99,*
,15,ILE,393,*
,15,ILE,389,*
,15,ILE,372,*
,15,ILE,211,*
,15,GLU,207,*
,15,TYR,315,*
,15,TYR,168,*
,15,GLY,370,*
,15,GLY,310,*
,15,GLY,169,*
,15,GLY,126,*
,15,THR,312,*
,15,THR,224,*
,15,THR,311,*
,15,ALA,105,*
,15,PHE,205,*
,15,PHE,369,*
,15,PHE,283,*
,15,PHE,380,*
,15,SER,172,*
,15,SER,127,*
,15,SER,204,*
,15,SER,167,*
,16,VAL,103,*
,16,VAL,87,*
,16,VAL,111,*
,16,LEU,84,*
,16,LEU,118,*
,16,LEU,91,*
,16,LEU,133,*
,16,LEU,121,*
,16,LYS,85,*
,16,ILE,78,*
,16,TYR,88,*
,16,ALA,99,*
,16,MET,102,*
,16,PHE,114,*
,16,PHE,153,*
,16,SER,117,*
,17,ASP,280,*
,17,ASP,156,*
,17,ASP,102,*
,17,ASN,70,*
,17,LEU,231,*
,17,LEU,283,*
,17,LEU,68,*
,17,VAL,233,*
,17,VAL,282,*
,17,VAL,45,*
,17,ILE,201,*
,17,TYR,106,*
,17,TYR,258,*
,17,ARG,286,*
,17,CYS,281,*
,17,CYS,158,*
,17,GLY,104,*
,17,GLY,69,*
,17,GLY,261,*
,17,GLY,46,*
,17,GLY,229,*
,17,GLY,230,*
,17,GLY,105,*
,17,THR,71,*
,17,THR,47,*
,17,ALA,232,*
,17,MET,260,*
,17,MET,153,*
,17,HIS,73,*
,17,GLN,203,*
,17,GLN,107,*
,17,SER,103,*
,18,VAL,69,*
,18,VAL,68,*
,18,LEU,33,*
,18,LEU,90,*
,18,LEU,73,*
,18,LEU,105,*
,18,ILE,108,*
,18,ILE,100,*
,18,LYS,46,*
,18,LYS,43,*
,18,TYR,104,*
,18,THR,40,*
,18,PHE,139,*
,18,PHE,44,*
,18,ALA,72,*
,18,HIS,98,*
,18,HIS,94,*
,18,HIS,65,*
,18,SER,93,*
,19,ASN,110,*
,19,VAL,69,*
,19,ILE,155,*
,19,ILE,71,*
,19,GLU,160,*
,19,TYR,70,*
,19,TYR,111,*
,19,ARG,163,*
,19,GLY,109,*
,19,PHE,83,*
,19,ALA,159,*
,20,ASP,112,*
,20,ASP,168,*
,20,ASP,150,*
,20,PRO,242,*
,20,ILE,84,*
,20,ILE,166,*
,20,ILE,259,*
,20,ILE,250,*
,20,ILE,141,*
,20,ILE,146,*
,20,LYS,152,*
,20,LYS,53,*
,20,TRP,197,*
,20,GLY,170,*
,20,GLY,33,*
,20,GLY,85,*
,20,GLY,31,*
,20,GLY,110,*
,20,PHE,169,*
,20,SER,32,*
,20,SER,154,*
,20,ASN,155,*
,20,ASN,196,*
,20,ASN,115,*
,20,VAL,52,*
,20,VAL,38,*
,20,VAL,83,*
,20,VAL,30,*
,20,VAL,105,*
,20,LEU,246,*
,20,LEU,104,*
,20,LEU,74,*
,20,LEU,291,*
,20,LEU,75,*
,20,LEU,108,*
,20,LEU,167,*
,20,LEU,232,*
,20,LEU,86,*
,20,LEU,171,*
,20,LEU,195,*
,20,TYR,35,*
,20,GLU,71,*
,20,ARG,67,*
,20,ARG,70,*
,20,ARG,49,*
,20,THR,106,*
,20,ALA,172,*
,20,ALA,40,*
,20,ALA,255,*
,20,ALA,157,*
,20,ALA,111,*
,20,ALA,51,*
,20,MET,109,*
,20,MET,78,*
,20,HIS,174,*
,20,HIS,148,*
,20,HIS,107,*
,21,ASP,72,*
,21,LEU,127,*
,21,LEU,282,*
,21,ILE,439,*
,21,ILE,444,*
,21,ILE,287,*
,21,ILE,275,*
,21,GLU,278,*
,21,GLU,199,*
,21,TYR,334,*
,21,TYR,130,*
,21,TYR,116,*
,21,TYR,70,*
,21,TYR,442,*
,21,TYR,121,*
,21,ARG,289,*
,21,GLY,123,*
,21,GLY,119,*
,21,GLY,118,*
,21,GLY,335,*
,21,GLY,117,*
,21,GLY,80,*
,21,GLY,441,*
,21,TRP,84,*
,21,TRP,233,*
,21,TRP,432,*
,21,TRP,279,*
,21,MET,436,*
,21,PHE,330,*
,21,PHE,288,*
,21,PHE,331,*
,21,PHE,290,*
,21,HIS,440,*
,21,SER,124,*
,21,SER,200,*
,21,SER,286,*
,21,SER,122,*
,22,GLY,674,*
,22,THR,728,*
,22,THR,670,*
,22,THR,501,*
,22,THR,707,*
,22,THR,676,*
,22,PRO,499,*
,22,MET,729,*
,22,LEU,519,*
,22,LEU,724,*
,22,LEU,500,*
,22,LEU,725,*
,22,LEU,671,*
,22,LYS,677,*
,22,TYR,723,*
,22,TYR,426,*
,22,TYR,471,*
,22,TYR,753,*
,22,GLU,726,*
,22,GLU,423,*
,22,SER,675,*
,22,SER,673,*
,22,ARG,506,*
,23,ASP,208,*
,23,ASP,19,*
,23,ASP,16,*
,23,ASN,14,*
,23,PRO,206,*
,23,PRO,23,*
,23,PRO,13,*
,23,PRO,20,*
,23,LEU,99,*
,23,TYR,22,*
,23,TYR,100,*
,23,TYR,12,*
,23,ARG,228,*
,23,GLY,98,*
,23,GLY,18,*
,23,GLY,227,*
,23,THR,11,*
,23,THR,97,*
,23,THR,226,*
,23,THR,15,*
,23,ALA,207,*
,23,MET,42,*
,23,HIS,205,*
,23,SER,204,*
,23,SER,21,*
,24,ASP,3427,*
,24,ASN,3382,*
,24,ASN,3303,*
,24,SER,3241,*
,24,THR,3265,*
,24,THR,3266,*
,24,LEU,3267,*
,24,HIS,3281,*
,24,CYS,3284,*
,24,MET,3289,*
,24,SER,3302,*
,24,HIS,3304,*
,24,PHE,3380,*
,24,LEU,3381,*
,24,GLY,3383,*
,24,SER,3384,*
,24,CYS,3385,*
,24,HIS,3403,*
,24,HIS,3404,*
,24,MET,3405,*
,24,GLU,3406,*
,24,LEU,3407,*
,24,PRO,3408,*
,24,HIS,3412,*
,24,ARG,3428,*
,24,GLN,3429,*
,24,THR,3430,*
,24,GLN,3432,*
,24,PRO,39,*
,24,HIS,41,*
,25,ASP,181,*
,25,ASP,29,*
,25,ASP,48,*
,25,PRO,180,*
,25,VAL,49,*
,25,ILE,261,*
,25,ILE,219,*
,25,LYS,120,*
,25,LYS,116,*
,25,LYS,41,*
,25,GLU,115,*
,25,TYR,46,*
,25,TYR,20,*
,25,ARG,254,*
,25,ARG,221,*
,25,ARG,45,*
,25,ARG,24,*
,25,ARG,47,*
,25,CYS,215,*
,25,GLY,259,*
,25,GLY,183,*
,25,GLY,220,*
,25,GLY,218,*
,25,TRP,179,*
,25,THR,263,*
,25,MET,258,*
,25,PHE,182,*
,25,ALA,27,*
,25,ALA,217,*
,25,GLN,266,*
,25,GLN,262,*
,25,SER,28,*
,25,SER,216,*
,26,PRO,238,*
,26,PRO,232,*
,26,VAL,243,*
,26,VAL,235,*
,26,LEU,181,*
,26,LEU,214,*
,26,LYS,233,*
,26,LYS,241,*
,26,ILE,180,*
,26,TYR,240,*
,26,TYR,242,*
,26,GLU,201,*
,26,GLU,219,*
,26,ARG,249,*
,26,GLY,179,*
,26,GLY,178,*
,26,THR,215,*
,26,THR,239,*
,26,PHE,237,*
,26,PHE,248,*
,26,ALA,182,*
,26,ALA,234,*
,26,HIS,172,*
,26,HIS,228,*
,26,HIS,183,*
,26,HIS,218,*
,26,HIS,222,*
,27,ASP,303,*
,27,LEU,245,*
,27,LEU,300,*
,27,LYS,247,*
,27,GLY,246,*
,27,GLY,261,*
,27,GLY,260,*
,27,GLY,257,*
,27,THR,248,*
,27,ALA,244,*
,27,ALA,262,*
,27,ALA,242,*
,27,PHE,270,*
,27,MET,298,*
,27,MET,299,*
,27,HIS,243,*
,28,ASP,93,*
,28,ASP,102,*
,28,ASP,54,*
,28,ILE,131,*
,28,ILE,96,*
,28,ILE,110,*
,28,LYS,112,*
,28,LYS,58,*
,28,TRP,162,*
,28,GLY,137,*
,28,GLY,132,*
,28,GLY,97,*
,28,GLY,108,*
,28,GLY,135,*
,28,PHE,134,*
,28,PHE,138,*
,28,GLN,133,*
,28,SER,52,*
,28,ASN,106,*
,28,ASN,51,*
,28,LEU,103,*
,28,LEU,107,*
,28,LEU,48,*
,28,VAL,136,*
,28,VAL,186,*
,28,VAL,150,*
,28,GLU,47,*
,28,TYR,139,*
,28,THR,152,*
,28,THR,109,*
,28,THR,184,*
,28,ALA,111,*
,28,ALA,55,*
,28,MET,98,*
,29,ASN,98,*
,29,ASN,111,*
,29,ASN,110,*
,29,PRO,92,*
,29,PRO,34,*
,29,PRO,2,*
,29,VAL,107,*
,29,ILE,65,*
,29,LYS,67,*
,29,LYS,33,*
,29,TYR,37,*
,29,TYR,96,*
,29,TRP,109,*
,29,GLY,66,*
,29,THR,113,*
,29,ALA,104,*
,29,MET,3,*
,29,MET,102,*
,29,PHE,50,*
,29,PHE,114,*
,29,HIS,63,*
,29,GLN,36,*
,29,SER,112,*
,29,SER,64,*
,30,ASN,172,*
,30,ASN,204,*
,30,ASN,266,*
,30,LEU,238,*
,30,LEU,201,*
,30,ILE,325,*
,30,ILE,313,*
,30,GLY,327,*
,30,GLY,205,*
,30,GLY,265,*
,30,GLY,239,*
,30,TRP,317,*
,30,THR,328,*
,30,MET,330,*
,30,ALA,264,*
,30,ALA,263,*
,30,HIS,174,*
,30,SER,237,*
,30,SER,324,*
,30,SER,312,*
,30,SER,326,*
,30,SER,329,*
,31,ASP,245,*
,31,ASP,287,*
,31,ASP,255,*
,31,ASP,257,*
,31,ASN,215,*
,31,VAL,135,*
,31,LYS,289,*
,31,LYS,183,*
,31,GLU,217,*
,31,GLU,181,*
,31,TRP,137,*
,31,TRP,16,*
,31,THR,90,*
,31,MET,88,*
,31,PHE,94,*
,31,HIS,220,*
,31,HIS,54,*
,32,ASP,243,*
,32,ASN,320,*
,32,PRO,363,*
,32,PRO,242,*
,32,VAL,360,*
,32,VAL,344,*
,32,VAL,361,*
,32,VAL,247,*
,32,LEU,155,*
,32,LEU,366,*
,32,LEU,177,*
,32,TYR,244,*
,32,TYR,154,*
,32,TYR,323,*
,32,ARG,365,*
,32,ARG,246,*
,32,ARG,240,*
,32,ARG,152,*
,32,ARG,176,*
,32,GLY,174,*
,32,THR,172,*
,32,MET,362,*
,32,MET,364,*
,32,PHE,278,*
,32,HIS,175,*
,32,SER,346,*
,33,ASP,453,*
,33,ASP,387,*
,33,ASP,465,*
,33,ILE,456,*
,33,LYS,699,*
,33,LYS,545,*
,33,LYS,207,*
,33,LYS,539,*
,33,LYS,500,*
,33,TRP,541,*
,33,GLY,427,*
,33,GLY,548,*
,33,GLY,206,*
,33,GLY,518,*
,33,GLY,256,*
,33,PHE,426,*
,33,PHE,209,*
,33,PHE,546,*
,33,SER,501,*
,33,SER,547,*
,33,SER,517,*
,33,SER,513,*
,33,SER,454,*
,33,ASN,519,*
,33,ASN,544,*
,33,ASN,257,*
,33,VAL,464,*
,33,VAL,208,*
,33,LEU,261,*
,33,LEU,428,*
,33,TYR,549,*
,33,TYR,234,*
,33,TYR,700,*
,33,TYR,552,*
,33,GLU,457,*
,33,GLU,424,*
,33,GLU,425,*
,33,ARG,536,*
,33,ARG,463,*
,33,ARG,210,*
,33,ARG,534,*
,33,ARG,511,*
,33,THR,538,*
,33,THR,461,*
,33,ALA,535,*
,33,HIS,553,*
,33,HIS,377,*
,34,GLY,142,*
,34,ASP,128,*
,34,ASP,124,*
,34,ASP,181,*
,34,ASP,234,*
,34,ASP,232,*
,34,ASP,183,*
,34,THR,246,*
,34,THR,136,*
,34,THR,135,*
,34,ASN,130,*
,34,ASN,139,*
,34,HIS,141,*
,34,HIS,101,*
,34,HIS,126,*
,34,GLU,186,*
,34,GLU,277,*
,34,SER,137,*
,35,GLY,152,*
,35,ASP,51,*
,35,LEU,154,*
,35,LEU,151,*
,35,LEU,144,*
,35,HIS,80,*
,36,ASP,354,*
,36,ASP,351,*
,36,ASP,314,*
,36,ASP,105,*
,36,PRO,321,*
,36,LEU,320,*
,36,LEU,355,*
,36,VAL,313,*
,36,ILE,244,*
,36,ILE,325,*
,36,GLU,233,*
,36,GLU,323,*
,36,GLU,316,*
,36,TYR,155,*
,36,TYR,103,*
,36,TYR,368,*
,36,TYR,164,*
,36,TYR,372,*
,36,TYR,480,*
,36,ARG,327,*
,36,ARG,250,*
,36,TRP,317,*
,36,TRP,117,*
,36,GLY,479,*
,36,GLY,152,*
,36,GLY,373,*
,36,GLY,151,*
,36,GLY,153,*
,36,PHE,369,*
,36,PHE,352,*
,36,PHE,328,*
,36,PHE,326,*
,36,PHE,253,*
,36,HIS,318,*
,36,HIS,478,*
,36,GLN,353,*
,36,GLN,322,*
,36,SER,324,*
,36,SER,234,*
,36,SER,156,*
,36,SER,329,*
,37,ASP,104,*
,37,ASP,64,*
,37,ASP,187,*
,37,ASN,123,*
,37,PRO,72,*
,37,LEU,238,*
,37,LEU,217,*
,37,LEU,29,*
,37,LYS,223,*
,37,ILE,190,*
,37,ILE,28,*
,37,ILE,125,*
,37,ILE,146,*
,37,ILE,122,*
,37,GLU,239,*
,37,GLU,263,*
,37,ARG,71,*
,37,ARG,257,*
,37,GLY,191,*
,37,GLY,219,*
,37,THR,70,*
,37,PHE,192,*
,37,MET,267,*
,37,MET,264,*
,37,MET,148,*
,37,HIS,259,*
,37,SER,69,*
,37,SER,224,*
,38,ASN,172,*
,38,ASN,204,*
,38,ASN,266,*
,38,LEU,238,*
,38,LEU,201,*
,38,ILE,212,*
,38,ILE,325,*
,38,TYR,209,*
,38,GLY,240,*
,38,GLY,205,*
,38,GLY,265,*
,38,GLY,207,*
,38,GLY,239,*
,38,TRP,317,*
,38,THR,328,*
,38,ALA,264,*
,38,ALA,263,*
,38,HIS,174,*
,38,GLN,208,*
,38,SER,237,*
,38,SER,206,*
,38,SER,329,*
,39,ASP,189,*
,39,ASP,298,*
,39,PRO,90,*
,39,PRO,188,*
,39,VAL,397,*
,39,VAL,296,*
,39,VAL,248,*
,39,LEU,245,*
,39,ILE,396,*
,39,TYR,97,*
,39,TYR,30,*
,39,GLY,190,*
,39,GLY,249,*
,39,THR,253,*
,39,THR,186,*
,39,THR,102,*
,39,PHE,99,*
,39,PHE,88,*
,39,PHE,194,*
,39,ALA,93,*
,39,MET,185,*
,39,MET,192,*
,40,ASP,99,*
,40,ASN,205,*
,40,ASN,67,*
,40,ASN,207,*
,40,PRO,10,*
,40,PRO,54,*
,40,LEU,53,*
,40,VAL,11,*
,40,VAL,36,*
,40,ILE,105,*
,40,LYS,45,*
,40,TYR,109,*
,40,TYR,8,*
,40,ARG,14,*
,40,GLY,206,*
,40,GLY,51,*
,40,GLY,13,*
,40,TRP,39,*
,40,THR,110,*
,40,PHE,9,*
,40,GLN,52,*
,40,GLN,65,*
,40,SER,106,*
,40,SER,66,*
,41,ASP,363,*
,41,ASP,364,*
,41,ASP,249,*
,41,ASN,251,*
,41,PRO,357,*
,41,LEU,311,*
,41,ILE,355,*
,41,TYR,356,*
,41,TYR,306,*
,41,GLU,179,*
,41,GLU,378,*
,41,GLU,270,*
,41,ARG,252,*
,41,ARG,234,*
,41,ARG,178,*
,41,GLY,351,*
,41,GLY,361,*
,41,GLY,262,*
,41,THR,271,*
,41,THR,376,*
,41,PHE,387,*
,41,ALA,358,*
,41,MET,309,*
,41,HIS,304,*
,41,HIS,176,*
,41,SER,315,*
,41,SER,307,*
,41,SER,305,*
,42,VAL,367,*
,42,LEU,384,*
,42,LEU,283,*
,42,LEU,497,*
,42,LEU,368,*
,42,LEU,381,*
,42,LEU,361,*
,42,LEU,358,*
,42,LEU,481,*
,42,LEU,256,*
,42,LEU,493,*
,42,LYS,395,*
,42,LYS,291,*
,42,LYS,293,*
,42,ILE,369,*
,42,ILE,309,*
,42,ILE,484,*
,42,ILE,295,*
,42,ILE,307,*
,42,ILE,277,*
,42,ILE,324,*
,42,ILE,353,*
,42,ILE,354,*
,42,ILE,290,*
,42,TYR,501,*
,42,TYR,355,*
,42,GLU,371,*
,42,GLU,323,*
,42,GLU,287,*
,42,ARG,308,*
,42,ARG,316,*
,42,GLY,312,*
,42,CYS,313,*
,42,MET,392,*
,42,MET,376,*
,42,MET,357,*
,42,MET,491,*
,42,ALA,320,*
,42,PHE,391,*
,42,PHE,315,*
,42,PHE,254,*
,42,PHE,310,*
,42,PHE,292,*
,42,PHE,388,*
,42,HIS,294,*
,42,HIS,477,*
,42,HIS,351,*
,42,GLN,314,*
,42,GLN,311,*
,42,SER,370,*
,42,SER,317,*
,42,SER,492,*
,43,ASP,205,*
,43,ASP,362,*
,43,ASN,201,*
,43,ASN,297,*
,43,LEU,253,*
,43,LEU,307,*
,43,VAL,209,*
,43,VAL,260,*
,43,TRP,358,*
,43,PHE,352,*
,43,PHE,224,*
,43,PHE,202,*
,43,ALA,206,*
,43,HIS,213,*
,43,HIS,295,*
,43,HIS,208,*
,44,ASP,68,*
,44,PRO,120,*
,44,VAL,86,*
,44,VAL,78,*
,44,LEU,128,*
,44,LEU,119,*
,44,LEU,61,*
,44,ILE,87,*
,44,ILE,122,*
,44,LYS,60,*
,44,LYS,66,*
,44,LYS,121,*
,44,TYR,57,*
,44,TYR,113,*
,44,ARG,73,*
,44,TRP,90,*
,44,GLY,84,*
,44,GLY,59,*
,44,ALA,112,*
,44,PHE,130,*
,44,PHE,67,*
,44,PHE,77,*
,44,PHE,79,*
,44,GLN,85,*
,44,SER,118,*
,44,SER,70,*
,45,ASP,298,*
,45,GLY,249,*
,45,THR,253,*
,45,THR,186,*
,45,THR,102,*
,45,PHE,99,*
,45,PHE,88,*
,45,VAL,397,*
,45,VAL,296,*
,45,VAL,248,*
,45,LEU,245,*
,45,ILE,396,*
,45,TYR,97,*
,46,ALA,56,*
,46,LEU,25,*
,46,LEU,32,*
,46,LEU,82,*
,46,TYR,29,*
,46,ARG,60,*
,46,SER,28,*
,47,PRO,312,*
,47,VAL,353,*
,47,VAL,311,*
,47,LEU,356,*
,47,LEU,314,*
,47,LEU,299,*
,47,LYS,350,*
,47,ILE,303,*
,47,ILE,301,*
,47,GLU,308,*
,47,GLU,317,*
,47,GLY,298,*
,47,GLY,305,*
,47,GLY,300,*
,47,THR,304,*
,47,HIS,319,*
,47,HIS,349,*
,47,HIS,309,*
,47,GLN,322,*
,47,SER,302,*
,47,SER,357,*
,47,SER,316,*
,48,PRO,54,*
,48,LEU,119,*
,48,LEU,74,*
,48,LEU,70,*
,48,LEU,138,*
,48,LEU,62,*
,48,LEU,55,*
,48,VAL,59,*
,48,VAL,57,*
,48,VAL,108,*
,48,VAL,31,*
,48,VAL,110,*
,48,LYS,85,*
,48,LYS,76,*
,48,ILE,87,*
,48,ILE,28,*
,48,ILE,72,*
,48,ILE,100,*
,48,GLU,78,*
,48,ALA,134,*
,48,PHE,98,*
,48,PHE,121,*
,48,MET,123,*
,48,GLN,136,*
,49,ASP,161,*
,49,ASN,69,*
,49,PRO,38,*
,49,PRO,185,*
,49,VAL,142,*
,49,VAL,139,*
,49,VAL,187,*
,49,VAL,184,*
,49,VAL,143,*
,49,LEU,50,*
,49,LEU,146,*
,49,LYS,160,*
,49,TYR,82,*
,49,ARG,198,*
,49,GLY,158,*
,49,GLY,46,*
,49,GLY,41,*
,49,THR,39,*
,49,THR,186,*
,49,MET,71,*
,49,MET,40,*
,49,MET,195,*
,49,ALA,194,*
,49,ALA,49,*
,49,PHE,67,*
,49,PHE,156,*
,49,PHE,157,*
,49,HIS,44,*
,49,HIS,47,*
,49,GLN,72,*
,49,GLN,164,*
,49,SER,197,*
,49,SER,196,*
,50,CYS,93,*
,50,TRP,77,*
,50,MET,179,*
,50,VAL,142,*
,50,HIS,155,*
,50,HIS,88,*
,50,HIS,86,*
,50,HIS,140,*
,50,LEU,95,*
,50,LEU,75,*
,50,TYR,157,*
,50,TYR,58,*
,50,ARG,60,*
,51,ASP,38,*
,51,ASP,80,*
,51,PRO,79,*
,51,LEU,98,*
,51,VAL,56,*
,51,ILE,92,*
,51,ILE,57,*
,51,ILE,91,*
,51,GLU,55,*
,51,TYR,27,*
,51,TYR,83,*
,51,ARG,43,*
,51,GLY,84,*
,51,TRP,60,*
,51,ALA,82,*
,51,PHE,37,*
,51,PHE,100,*
,51,PHE,47,*
,51,HIS,88,*
,51,GLN,54,*
,52,ASP,302,*
,52,PRO,257,*
,52,LEU,244,*
,52,LEU,299,*
,52,LYS,246,*
,52,GLY,256,*
,52,GLY,245,*
,52,GLY,258,*
,52,THR,247,*
,52,PHE,269,*
,52,MET,298,*
,52,MET,297,*
,52,HIS,242,*
,53,ASP,302,*
,53,PRO,257,*
,53,LEU,244,*
,53,LEU,299,*
,53,LYS,246,*
,53,GLY,256,*
,53,GLY,245,*
,53,GLY,258,*
,53,THR,247,*
,53,PHE,269,*
,53,MET,298,*
,53,MET,297,*
,53,HIS,242,*
,54,ASP,194,*
,54,PRO,226,*
,54,VAL,228,*
,54,VAL,214,*
,54,LYS,225,*
,54,TYR,229,*
,54,TYR,175,*
,54,CYS,196,*
,54,CYS,220,*
,54,TRP,216,*
,54,GLY,217,*
,54,GLY,219,*
,54,GLY,227,*
,54,ALA,221,*
,54,GLN,197,*
,54,SER,215,*
,54,SER,200,*
,54,SER,218,*
,54,SER,195,*
,55,ASP,71,*
,55,ASP,43,*
,55,ASN,46,*
,55,ASN,89,*
,55,ASN,45,*
,55,PRO,40,*
,55,LEU,63,*
,55,LEU,53,*
,55,LEU,24,*
,55,LEU,41,*
,55,LYS,138,*
,55,LYS,78,*
,55,LYS,135,*
,55,ILE,35,*
,55,ILE,31,*
,55,TYR,50,*
,55,TYR,91,*
,55,TYR,133,*
,55,TYR,47,*
,55,ARG,28,*
,55,CYS,67,*
,55,CYS,51,*
,55,GLY,52,*
,55,GLY,37,*
,55,GLY,54,*
,55,ALA,131,*
,55,PHE,128,*
,55,PHE,27,*
,55,PHE,44,*
,55,MET,42,*
,55,HIS,39,*
,55,HIS,70,*
,55,SER,38,*
,55,SER,129,*
,56,ASN,97,*
,56,LEU,101,*
,56,VAL,60,*
,56,LYS,52,*
,56,LYS,100,*
,56,ILE,21,*
,56,TYR,39,*
,56,THR,57,*
,56,PHE,25,*
,56,PHE,22,*
,56,PHE,98,*
,56,PHE,36,*
,56,PHE,102,*
,56,PHE,61,*
,56,MET,64,*
,56,HIS,56,*
,57,ASN,124,*
,57,ASN,69,*
,57,ASN,70,*
,57,ASN,125,*
,57,ASN,62,*
,57,PRO,99,*
,57,LYS,67,*
,57,GLU,84,*
,57,GLU,72,*
,57,TYR,71,*
,57,TYR,64,*
,57,TYR,68,*
,57,ARG,103,*
,57,GLY,123,*
,57,GLY,100,*
,57,THR,119,*
,57,PHE,126,*
,57,ALA,101,*
,57,HIS,118,*
,57,HIS,66,*
,57,SER,98,*
,58,ASP,1030,*
,58,ASP,1014,*
,58,ASN,1064,*
,58,PRO,1012,*
,58,VAL,1013,*
,58,VAL,1018,*
,58,VAL,1008,*
,58,ILE,1074,*
,58,LYS,1011,*
,58,TYR,1021,*
,58,TYR,1063,*
,58,GLU,1017,*
,58,ARG,1007,*
,58,THR,1010,*
,58,PHE,1009,*
,59,ASP,327,*
,59,ASP,344,*
,59,ASP,270,*
,59,ASN,457,*
,59,ASN,352,*
,59,ILE,246,*
,59,ILE,326,*
,59,GLU,541,*
,59,TYR,509,*
,59,TYR,489,*
,59,TYR,653,*
,59,ARG,619,*
,59,ARG,245,*
,59,ARG,264,*
,59,ARG,557,*
,59,TRP,674,*
,59,GLY,351,*
,59,THR,539,*
,59,MET,346,*
,59,SER,271,*
,59,SER,673,*
,60,ASP,298,*
,60,ASP,357,*
,60,ASN,309,*
,60,ASN,381,*
,60,PRO,136,*
,60,LEU,137,*
,60,LEU,358,*
,60,ILE,379,*
,60,TYR,302,*
,60,TYR,296,*
,60,TYR,307,*
,60,GLU,102,*
,60,ARG,336,*
,60,GLY,380,*
,60,TRP,359,*
,60,TRP,168,*
,60,THR,378,*
,60,PHE,105,*
,60,PHE,407,*
,60,ALA,308,*
,60,ALA,135,*
,60,GLN,306,*
,60,SER,356,*
,60,SER,310,*
,61,ASN,164,*
,61,LEU,129,*
,61,LYS,293,*
,61,GLU,254,*
,61,GLU,165,*
,61,GLU,295,*
,61,TYR,92,*
,61,TYR,228,*
,61,TYR,66,*
,61,GLY,262,*
,61,TRP,204,*
,61,TRP,288,*
,61,TRP,65,*
,61,THR,261,*
,61,ALA,260,*
,61,HIS,127,*
,61,HIS,232,*
,61,HIS,61,*
,61,GLN,206,*
,61,SER,297,*
,62,ASP,170,*
,62,PRO,173,*
,62,PRO,118,*
,62,PRO,122,*
,62,LYS,112,*
,62,LYS,166,*
,62,GLY,87,*
,62,GLY,117,*
,62,GLY,113,*
,62,TRP,120,*
,62,TRP,88,*
,62,CYS,89,*
,62,GLN,172,*
,62,SER,161,*
,62,ASN,85,*
,62,ASN,162,*
,62,ASN,121,*
,62,LEU,86,*
,62,VAL,171,*
,62,GLU,46,*
,62,GLU,164,*
,62,TYR,54,*
,62,ARG,53,*
,62,ARG,192,*
,62,THR,119,*
,62,THR,174,*
,62,ALA,116,*
,62,ALA,114,*
,62,ALA,193,*
,62,HIS,168,*
,62,HIS,115,*
,63,PRO,142,*
,63,ILE,166,*
,63,ILE,412,*
,63,ILE,314,*
,63,LYS,161,*
,63,LYS,214,*
,63,LYS,438,*
,63,LYS,223,*
,63,CYS,416,*
,63,CYS,462,*
,63,GLY,458,*
,63,GLY,213,*
,63,PHE,427,*
,63,PHE,158,*
,63,PHE,189,*
,63,PHE,181,*
,63,PHE,173,*
,63,SER,217,*
,63,SER,311,*
,63,SER,513,*
,63,ASN,415,*
,63,LEU,206,*
,63,LEU,139,*
,63,LEU,262,*
,63,LEU,454,*
,63,LEU,243,*
,63,LEU,431,*
,63,LEU,178,*
,63,LEU,411,*
,63,LEU,284,*
,63,LEU,477,*
,63,VAL,457,*
,63,VAL,140,*
,63,TYR,174,*
,63,TYR,185,*
,63,TYR,162,*
,63,TYR,435,*
,63,GLU,165,*
,63,ARG,281,*
,63,ARG,246,*
,63,ARG,210,*
,63,ARG,141,*
,63,ARG,509,*
,63,THR,157,*
,63,ALA,315,*
,63,ALA,473,*
,63,ALA,150,*
,63,MET,147,*
,63,HIS,170,*
,63,HIS,266,*
,64,LEU,389,*
,64,LEU,423,*
,64,ILE,441,*
,64,LYS,384,*
,64,LYS,440,*
,64,TYR,434,*
,64,GLU,439,*
,64,GLU,388,*
,64,ARG,431,*
,64,ARG,436,*
,64,ARG,433,*
,64,ARG,425,*
,64,THR,432,*
,64,MET,443,*
,64,MET,380,*
,64,PHE,382,*
,64,GLN,519,*
,64,GLN,387,*
,65,ASP,26,*
,65,ASN,74,*
,65,ASN,28,*
,65,LEU,85,*
,65,VAL,50,*
,65,ILE,141,*
,65,GLU,96,*
,65,TYR,68,*
,65,ARG,77,*
,65,ARG,39,*
,65,ARG,30,*
,65,TRP,221,*
,65,GLY,27,*
,65,GLY,46,*
,65,GLY,29,*
,65,PHE,70,*
,65,MET,25,*
,65,ALA,92,*
,65,ALA,69,*
,65,ALA,47,*
,65,HIS,43,*
,66,ASN,1168,*
,66,PRO,1110,*
,66,ALA,1164,*
,66,PHE,1111,*
,66,LEU,1120,*
,66,VAL,1174,*
,66,VAL,1115,*
,66,ILE,1122,*
,66,TYR,1167,*
,66,TYR,1125,*
,67,PRO,174,*
,67,PRO,111,*
,67,PRO,176,*
,67,LEU,212,*
,67,ILE,173,*
,67,ARG,72,*
,67,GLY,175,*
,67,PHE,75,*
,67,ALA,112,*
,67,HIS,76,*
,68,ASP,203,*
,68,ASP,198,*
,68,ASP,108,*
,68,ASN,105,*
,68,VAL,233,*
,68,VAL,219,*
,68,TYR,234,*
,68,TRP,221,*
,68,TRP,49,*
,68,GLY,104,*
,68,GLY,232,*
,68,GLY,224,*
,68,GLY,202,*
,68,GLY,222,*
,68,CYS,200,*
,68,CYS,225,*
,68,ALA,226,*
,68,HIS,65,*
,68,GLN,201,*
,68,SER,231,*
,68,SER,204,*
,68,SER,199,*
,68,SER,220,*
,69,ASN,50,*
,69,ASN,175,*
,69,ASN,226,*
,69,VAL,178,*
,69,LEU,174,*
,69,LYS,49,*
,69,TYR,130,*
,69,ARG,60,*
,69,ARG,56,*
,69,ARG,129,*
,69,GLY,53,*
,69,GLY,54,*
,69,ALA,57,*
,70,ASP,285,*
,70,ASP,223,*
,70,LEU,261,*
,70,VAL,259,*
,70,ILE,361,*
,70,ILE,299,*
,70,TYR,357,*
,70,TYR,331,*
,70,GLU,257,*
,70,GLU,258,*
,70,CYS,333,*
,70,CYS,329,*
,70,GLY,209,*
,70,GLY,260,*
,70,THR,328,*
,70,THR,207,*
,70,PHE,350,*
,70,PHE,354,*
,70,ALA,332,*
,70,MET,348,*
,70,MET,286,*
,70,HIS,362,*
,70,HIS,203,*
,70,SER,334,*
,70,SER,210,*
,71,ASP,344,*
,71,ASP,49,*
,71,ASP,186,*
,71,ASN,302,*
,71,ASN,381,*
,71,PRO,378,*
,71,LEU,353,*
,71,LEU,382,*
,71,LEU,303,*
,71,ILE,300,*
,71,LYS,80,*
,71,LYS,82,*
,71,TYR,350,*
,71,TYR,357,*
,71,TYR,346,*
,71,GLU,159,*
,71,ARG,56,*
,71,ARG,122,*
,71,GLY,189,*
,71,GLY,120,*
,71,GLY,298,*
,71,GLY,188,*
,71,GLY,51,*
,71,GLY,299,*
,71,GLY,54,*
,71,THR,53,*
,71,THR,118,*
,71,THR,232,*
,71,ALA,119,*
,71,ALA,190,*
,71,MET,187,*
,71,GLN,231,*
,71,GLN,349,*
,71,GLN,193,*
,71,SER,52,*
,71,SER,191,*
,71,SER,301,*
,72,LEU,180,*
,72,LEU,289,*
,72,LEU,361,*
,72,VAL,105,*
,72,LYS,98,*
,72,TYR,292,*
,72,TYR,347,*
,72,GLU,101,*
,72,ARG,360,*
,72,GLY,293,*
,72,THR,102,*
,72,MET,288,*
,72,PHE,359,*
,73,ASP,245,*
,73,ASP,255,*
,73,ASP,293,*
,73,ASN,215,*
,73,VAL,135,*
,73,LYS,183,*
,73,LYS,295,*
,73,GLU,217,*
,73,GLU,181,*
,73,TRP,137,*
,73,TRP,16,*
,73,THR,90,*
,73,THR,91,*
,73,MET,88,*
,73,PHE,94,*
,73,HIS,291,*
,73,HIS,220,*
,73,HIS,54,*
,74,ASP,194,1
,74,VAL,213,1
,74,VAL,227,1
,74,ILE,99,2
,74,TRP,215,1
,74,CYS,191,1
,74,CYS,220,1
,74,GLY,216,1
,74,GLY,226,1
,74,GLY,193,1
,74,MET,192,1
,74,HIS,57,2
,74,SER,190,1
,74,SER,189,1
,74,SER,217,1
,74,SER,214,1
,74,SER,218,1
,74,SER,195,1
,75,LEU,92,*
,75,LEU,126,*
,75,LEU,47,*
,75,ILE,87,*
,75,ILE,45,*
,75,ILE,129,*
,75,GLU,88,*
,75,GLU,134,*
,75,GLU,89,*
,75,GLU,43,*
,75,ARG,98,*
,75,GLY,90,*
,75,GLY,46,*
,75,GLY,44,*
,75,CYS,130,*
,75,CYS,91,*
,75,HIS,137,*
,75,HIS,133,*
,75,GLN,51,*
,75,SER,93,*
,76,ASN,93,1
,76,LEU,94,1
,76,TYR,92,1
,76,TYR,99,2
,76,TYR,33,2
,76,TYR,32,1
,76,ARG,52,2
,76,ARG,95,1
,76,GLY,98,1
,76,PHE,50,2
,76,HIS,96,2
,76,SER,91,1
,77,GLY,135,*
,77,ASN,81,*
,77,PHE,80,*
,77,PHE,54,*
,77,LEU,136,*
,77,LEU,57,*
,77,GLN,134,*
,77,SER,52,*
,78,PRO,2914,*
,78,PRO,2915,*
,78,VAL,2913,*
,78,VAL,2904,*
,78,LEU,2838,*
,78,LEU,2916,*
,78,LEU,2908,*
,78,LEU,2893,*
,78,ILE,2901,*
,78,TYR,2896,*
,78,ARG,2841,*
,78,ARG,2920,*
,78,ARG,2917,*
,78,ARG,2909,*
,78,TRP,2947,*
,78,ALA,2905,*
,78,MET,2842,*
,78,HIS,2894,*
,78,SER,2895,*
,79,PRO,207,*
,79,LEU,204,*
,79,LEU,278,*
,79,VAL,131,*
,79,VAL,171,*
,79,LYS,159,*
,79,LYS,202,*
,79,ILE,437,*
,79,ILE,287,*
,79,ILE,157,*
,79,TYR,203,*
,79,GLU,276,*
,79,GLU,201,*
,79,GLU,288,*
,79,GLY,166,*
,79,GLY,165,*
,79,MET,169,*
,79,HIS,209,*
,79,HIS,236,*
,79,HIS,438,*
,79,GLN,233,*
,80,LEU,178,*
,80,LEU,157,*
,80,LEU,148,*
,80,LEU,146,*
,80,LEU,121,*
,80,LYS,236,*
,80,ILE,209,*
,80,ILE,12,*
,80,CYS,81,*
,80,TRP,128,*
,80,THR,11,*
,80,PHE,210,*
,80,HIS,235,*
,80,HIS,14,*
,80,SER,80,*
,81,ASP,190,*
,81,ASP,62,*
,81,PRO,184,*
,81,LYS,158,*
,81,ILE,92,*
,81,ILE,139,*
,81,ILE,187,*
,81,ILE,17,*
,81,TRP,106,*
,81,GLY,163,*
,81,GLY,18,*
,81,GLY,185,*
,81,GLY,160,*
,81,GLY,91,*
,81,GLY,16,*
,81,GLY,140,*
,81,GLY,12,*
,81,PHE,186,*
,81,PHE,164,*
,81,PHE,107,*
,81,SER,38,*
,81,SER,64,*
,81,SER,141,*
,81,SER,14,*
,81,ASN,89,*
,81,ASN,111,*
,81,ASN,115,*
,81,LEU,61,*
,81,LEU,114,*
,81,VAL,63,*
,81,VAL,110,*
,81,TYR,154,*
,81,ARG,15,*
,81,THR,112,*
,81,THR,35,*
,81,THR,189,*
,81,THR,192,*
,81,THR,37,*
,81,ALA,159,*
,81,ALA,90,*
,81,ALA,156,*
,81,ALA,36,*
,81,ALA,13,*
,81,ALA,167,*
,81,MET,191,*
,82,PRO,229,*
,82,VAL,221,*
,82,ILE,69,*
,82,ILE,220,*
,82,GLU,198,*
,82,GLU,196,*
,82,TYR,195,*
,82,ARG,91,*
,82,ARG,168,*
,82,ARG,223,*
,82,ARG,48,*
,82,GLY,96,*
,82,THR,95,*
,82,THR,94,*
,82,MET,197,*
,82,PHE,162,*
,82,PHE,7,*
,82,HIS,8,*
,82,GLN,166,*
,83,ASN,76,*
,83,ASN,13,*
,83,PRO,12,*
,83,VAL,106,*
,83,VAL,101,*
,83,LEU,17,*
,83,LEU,14,*
,83,ILE,103,*
,83,TYR,25,*
,83,ARG,109,*
,83,ARG,16,*
,83,ARG,20,*
,83,ARG,113,*
,83,GLY,78,*
,83,GLY,79,*
,83,THR,81,*
,83,HIS,102,*
,83,HIS,82,*
,83,SER,104,*
,84,ASP,170,*
,84,ASP,8,*
,84,ASP,10,*
,84,ASN,77,*
,84,ASN,118,*
,84,VAL,47,*
,84,LEU,9,*
,84,LEU,44,*
,84,LYS,145,*
,84,LYS,45,*
,84,LYS,117,*
,84,LYS,76,*
,84,TYR,80,*
,84,ARG,49,*
,84,TRP,24,*
,84,GLY,46,*
,84,THR,16,*
,84,ALA,115,*
,84,ALA,113,*
,84,HIS,20,*
,84,SER,52,*
,84,SER,116,*
,84,SER,114,*
,84,SER,48,*
,85,ASN,82,*
,85,PRO,105,*
,85,VAL,137,*
,85,VAL,113,*
,85,LEU,131,*
,85,LEU,60,*
,85,LEU,117,*
,85,ILE,134,*
,85,TYR,110,*
,85,ARG,104,*
,85,THR,112,*
,85,THR,103,*
,85,PHE,86,*
,85,HIS,64,*
,85,HIS,139,*
,85,HIS,100,*
,85,GLN,109,*
,85,GLN,116,*
,85,SER,67,*
,85,SER,138,*
,85,SER,135,*
,86,ASN,197,*
,86,ASN,245,*
,86,ASN,117,*
,86,VAL,219,*
,86,VAL,262,*
,86,GLU,203,*
,86,TYR,90,*
,86,TYR,194,*
,86,TYR,202,*
,86,ARG,86,*
,86,CYS,201,*
,86,GLY,120,*
,86,GLY,34,*
,86,GLY,220,*
,86,THR,244,*
,86,MET,221,*
,86,ALA,119,*
,86,ALA,118,*
,86,PHE,161,*
,86,HIS,88,*
,86,HIS,259,*
,86,SER,35,*
,86,SER,116,*
,86,SER,247,*
,86,SER,222,*
,87,ASN,710,*
,87,VAL,656,*
,87,VAL,207,*
,87,VAL,711,*
,87,TYR,662,*
,87,TYR,631,*
,87,TYR,547,*
,87,TYR,666,*
,87,TYR,585,*
,87,GLU,205,*
,87,GLU,206,*
,87,ARG,356,*
,87,ARG,125,*
,87,TRP,629,*
,87,TRP,659,*
,87,GLY,632,*
,87,PHE,357,*
,87,HIS,740,*
,87,SER,209,*
,87,SER,630,*
,88,PRO,590,*
,88,PRO,585,*
,88,LYS,496,*
,88,ILE,549,*
,88,ILE,475,*
,88,TRP,499,*
,88,TRP,471,*
,88,PHE,605,*
,88,PHE,462,*
,88,GLN,493,*
,88,SER,510,*
,88,ASN,530,*
,88,VAL,506,*
,88,VAL,498,*
,88,VAL,551,*
,88,VAL,597,*
,88,VAL,593,*
,88,VAL,583,*
,88,LEU,594,*
,88,GLU,472,*
,88,GLU,601,*
,88,TYR,602,*
,88,TYR,579,*
,88,TYR,508,*
,88,ARG,468,*
,88,ARG,600,*
,88,ARG,504,*
,88,THR,474,*
,88,ALA,501,*
,88,ALA,598,*
,88,ALA,547,*
,88,ALA,589,*
,88,HIS,495,*
,89,ASP,81,*
,89,ASP,233,*
,89,ASP,182,*
,89,ASN,48,*
,89,PRO,101,*
,89,LYS,124,*
,89,LYS,46,*
,89,LYS,41,*
,89,GLU,222,*
,89,ARG,154,*
,89,ARG,106,*
,89,ARG,49,*
,89,CYS,11,*
,89,GLY,191,*
,89,PHE,220,*
,89,ALA,102,*
,89,HIS,185,*
,89,GLN,99,*
,89,GLN,188,*
,89,SER,50,*
,89,SER,232,*
,89,SER,51,*
,89,SER,43,*
,90,TRP,118,1
,90,CYS,110,1
,90,MET,40,2
,90,VAL,52,2
,90,VAL,55,2
,90,TYR,72,2
,90,TYR,37,2
,90,TYR,76,2
,90,GLN,91,1
,90,SER,113,1
,90,ARG,56,1
,91,ASP,93,*
,91,ASP,289,*
,91,ASP,284,*
,91,PRO,131,*
,91,ILE,179,*
,91,ILE,287,*
,91,ILE,187,*
,91,ILE,171,*
,91,LYS,285,*
,91,LYS,168,*
,91,TRP,258,*
,91,TRP,176,*
,91,GLY,74,*
,91,GLY,11,*
,91,GLY,291,*
,91,GLY,95,*
,91,GLY,72,*
,91,GLY,13,*
,91,GLY,135,*
,91,PHE,169,*
,91,GLN,134,*
,91,GLN,73,*
,91,GLN,12,*
,91,SER,386,*
,91,SER,96,*
,91,SER,290,*
,91,ASN,294,*
,91,LEU,91,*
,91,VAL,130,*
,91,VAL,393,*
,91,TYR,259,*
,91,TYR,132,*
,91,TYR,129,*
,91,TYR,14,*
,91,ARG,189,*
,91,ARG,296,*
,91,ARG,368,*
,91,THR,390,*
,91,THR,292,*
,91,THR,293,*
,91,THR,133,*
,91,ALA,396,*
,92,ASP,166,*
,92,ASN,273,*
,92,ASN,435,*
,92,VAL,437,*
,92,TYR,352,*
,92,TYR,283,*
,92,GLU,274,*
,92,GLU,379,*
,92,TRP,351,*
,92,TRP,420,*
,92,TRP,218,*
,92,CYS,381,*
,92,PHE,285,*
,92,PHE,167,*
,92,HIS,350,*
,92,GLN,323,*
,92,SER,384,*
,93,ASP,535,*
,93,ASP,403,*
,93,ASP,333,*
,93,ASP,155,*
,93,ASP,936,*
,93,ASP,404,*
,93,PRO,342,*
,93,PRO,361,*
,93,LEU,941,*
,93,LEU,358,*
,93,LYS,126,*
,93,GLU,938,*
,93,TYR,790,*
,93,TYR,330,*
,93,TYR,332,*
,93,ARG,939,*
,93,ARG,352,*
,93,ARG,291,*
,93,ARG,406,*
,93,ARG,473,*
,93,GLY,942,*
,93,GLY,940,*
,93,TRP,158,*
,93,TRP,362,*
,93,TRP,478,*
,93,THR,540,*
,93,ALA,267,*
,93,PHE,269,*
,93,HIS,534,*
,93,HIS,336,*
,93,HIS,153,*
,93,GLN,127,*
,93,SER,331,*
,94,ASP,224,*
,94,ASN,226,*
,94,PRO,244,*
,94,VAL,269,*
,94,VAL,204,*
,94,VAL,295,*
,94,VAL,293,*
,94,VAL,223,*
,94,LEU,363,*
,94,LEU,201,*
,94,LEU,310,*
,94,LEU,142,*
,94,LEU,117,*
,94,LEU,58,*
,94,LYS,229,*
,94,ILE,319,*
,94,ILE,225,*
,94,ILE,270,*
,94,ARG,272,*
,94,ARG,370,*
,94,ARG,48,*
,94,CYS,175,*
,94,CYS,47,*
,94,GLY,271,*
,94,GLY,205,*
,94,GLY,294,*
,94,GLY,203,*
,94,GLY,200,*
,94,GLY,202,*
,94,THR,179,*
,94,THR,275,*
,94,ALA,318,*
,94,PHE,320,*
,94,PHE,94,*
,94,HIS,52,*
,94,HIS,68,*
,94,SER,49,*
,95,ASP,99,*
,95,ASP,47,*
,95,ASN,412,*
,95,VAL,411,*
,95,VAL,406,*
,95,LEU,345,*
,95,LYS,144,*
,95,LYS,451,*
,95,ILE,407,*
,95,ILE,48,*
,95,ARG,416,*
,95,ARG,176,*
,95,GLY,98,*
,95,GLY,50,*
,95,GLY,452,*
,95,THR,52,*
,95,THR,405,*
,95,MET,419,*
,95,PHE,296,*
,95,PHE,338,*
,95,PHE,51,*
,95,PHE,336,*
,95,ALA,53,*
,95,ALA,97,*
,95,ALA,415,*
,95,SER,49,*
,96,ASN,70,*
,96,PRO,203,*
,96,PRO,202,*
,96,LEU,142,*
,96,LEU,132,*
,96,LEU,199,*
,96,VAL,63,*
,96,VAL,144,*
,96,GLU,107,*
,96,TRP,210,*
,96,THR,200,*
,96,PHE,92,*
,96,PHE,67,*
,96,ALA,136,*
,96,ALA,122,*
,96,HIS,201,*
,96,HIS,120,*
,96,HIS,95,*
,96,HIS,97,*
,96,HIS,68,*
,96,HIS,65,*
,96,GLN,93,*
,96,SER,198,*
,96,SER,66,*
,97,ASP,102,*
,97,ASP,97,*
,97,ASP,105,*
,97,ASP,100,*
,97,GLY,25,*
,97,GLY,98,*
,97,GLY,115,*
,97,THR,46,*
,97,ASN,104,*
,97,ASN,22,*
,97,ASN,71,*
,97,VAL,70,*
,97,GLU,96,*
,97,SER,24,*
,97,SER,23,*
,98,ASP,48,*
,98,ASN,52,*
,98,PRO,156,*
,98,PRO,40,*
,98,PRO,44,*
,98,VAL,209,*
,98,VAL,144,*
,98,VAL,41,*
,98,LEU,152,*
,98,LEU,92,*
,98,LEU,4,*
,98,LEU,136,*
,98,LEU,165,*
,98,LEU,37,*
,98,LEU,30,*
,98,LEU,108,*
,98,LYS,87,*
,98,LYS,55,*
,98,ILE,147,*
,98,ILE,124,*
,98,ILE,104,*
,98,ILE,49,*
,98,ILE,45,*
,98,TYR,207,*
,98,TYR,132,*
,98,TRP,96,*
,98,GLY,89,*
,98,GLY,51,*
,98,GLY,100,*
,98,ALA,128,*
,98,ALA,155,*
,98,ALA,93,*
,98,ALA,151,*
,98,PHE,42,*
,98,PHE,161,*
,98,PHE,103,*
,98,PHE,33,*
,98,PHE,34,*
,98,PHE,183,*
,98,PHE,148,*
,98,PHE,107,*
,98,HIS,140,*
,99,LEU,45,*
,99,ILE,81,*
,99,GLU,46,*
,99,CYS,85,*
,99,PHE,88,*
,99,PHE,89,*
,99,PHE,44,*
,99,MET,80,*
,99,ALA,84,*
,99,HIS,43,*
,99,SER,42,*
,100,ASP,175,*
,100,ASN,118,*
,100,ASN,117,*
,100,VAL,116,*
,100,VAL,53,*
,100,VAL,66,*
,100,LEU,45,*
,100,ILE,174,*
,100,ILE,95,*
,100,LYS,68,*
,100,GLU,81,*
,100,GLU,114,*
,100,TRP,176,*
,100,GLY,46,*
,100,MET,163,*
,100,PHE,113,*
,100,HIS,160,*
,100,HIS,115,*
,101,ASP,140,*
,101,LEU,147,*
,101,LEU,54,*
,101,VAL,50,*
,101,ILE,211,*
,101,GLU,215,*
,101,GLU,32,*
,101,ARG,35,*
,101,ARG,136,*
,101,GLY,139,*
,101,GLY,143,*
,101,ALA,28,*
,101,ALA,31,*
,101,PHE,33,*
,101,PHE,214,*
,101,PHE,37,*
,101,PHE,167,*
,101,PHE,47,*
,101,MET,34,*
,101,HIS,25,*
,102,ASP,123,*
,102,ASP,305,*
,102,PRO,112,*
,102,PRO,121,*
,102,ILE,327,*
,102,LYS,22,*
,102,LYS,88,*
,102,LYS,160,*
,102,GLY,164,*
,102,GLY,114,*
,102,GLY,113,*
,102,TRP,95,*
,102,PHE,328,*
,102,SER,93,*
,102,SER,162,*
,102,SER,110,*
,102,ASN,23,*
,102,LEU,124,*
,102,LEU,370,*
,102,LEU,111,*
,102,LEU,26,*
,102,VAL,163,*
,102,VAL,161,*
,102,VAL,87,*
,102,VAL,122,*
,102,GLU,329,*
,102,GLU,188,*
,102,ARG,371,*
,102,ARG,120,*
,102,ARG,91,*
,102,ARG,331,*
,102,THR,304,*
,102,ALA,119,*
,102,ALA,92,*
,102,MET,90,*
,102,HIS,125,*
,103,ASP,272,*
,103,ASP,261,*
,103,VAL,361,*
,103,LEU,243,*
,103,ILE,233,*
,103,GLU,384,*
,103,GLU,407,*
,103,TYR,367,*
,103,TYR,230,*
,103,ARG,371,*
,103,ARG,405,*
,103,GLY,352,*
,103,HIS,362,*
,103,HIS,244,*
,103,HIS,351,*
,103,HIS,355,*
,104,ASP,109,*
,104,PRO,210,*
,104,VAL,34,*
,104,ILE,149,*
,104,TYR,32,*
,104,ARG,30,*
,104,GLY,148,*
,104,TRP,38,*
,104,ALA,108,*
,104,PHE,145,*
,104,HIS,246,*
,104,HIS,181,*
,104,HIS,105,*
,104,HIS,110,*
,104,HIS,107,*
,104,SER,206,*
,104,SER,208,*
,105,PRO,54,*
,105,MET,123,*
,105,PHE,121,*
,105,VAL,59,*
,105,VAL,57,*
,105,VAL,108,*
,105,VAL,110,*
,105,LEU,119,*
,105,LEU,70,*
,105,LEU,138,*
,105,LEU,62,*
,105,LEU,55,*
,105,LYS,85,*
,105,LYS,76,*
,105,ILE,87,*
,105,ILE,72,*
,105,ILE,100,*
,106,ASP,265,*
,106,ASP,268,*
,106,PRO,272,*
,106,LEU,335,*
,106,VAL,134,*
,106,VAL,270,*
,106,GLY,391,*
,106,GLY,393,*
,106,GLY,106,*
,106,GLY,305,*
,106,GLY,394,*
,106,CYS,163,*
,106,THR,302,*
,106,THR,300,*
,106,MET,269,*
,106,MET,204,*
,106,MET,138,*
,106,ALA,271,*
,106,ALA,206,*
,106,ALA,162,*
,106,PHE,392,*
,106,PHE,201,*
,106,PHE,390,*
,106,PHE,229,*
,106,HIS,333,*
,106,HIS,298,*
,107,ASP,231,*
,107,ASP,194,*
,107,ASN,155,*
,107,ASN,289,*
,107,ASN,196,*
,107,PRO,229,*
,107,VAL,291,*
,107,LEU,266,*
,107,LEU,331,*
,107,LYS,225,*
,107,LYS,328,*
,107,LYS,292,*
,107,LYS,329,*
,107,LYS,260,*
,107,LYS,300,*
,107,LYS,195,*
,107,TYR,152,*
,107,TYR,302,*
,107,ARG,334,*
,107,ARG,228,*
,107,ARG,227,*
,107,ARG,150,*
,107,GLY,265,*
,107,GLY,154,*
,107,GLY,264,*
,107,GLY,301,*
,107,ALA,335,*
,107,PHE,197,*
,107,PHE,304,*
,107,PHE,199,*
,107,PHE,262,*
,107,HIS,230,*
,107,GLN,333,*
,107,GLN,190,*
,107,SER,147,*
,107,SER,294,*
,108,TRP,141,*
,108,ALA,130,*
,108,PHE,81,*
,108,PHE,142,*
,108,MET,74,*
,108,MET,95,*
,108,LEU,98,*
,108,LEU,77,*
,108,LEU,83,*
,108,LEU,37,*
,108,LEU,129,*
,108,LEU,78,*
,108,VAL,38,*
,108,VAL,34,*
,108,VAL,140,*
,108,VAL,133,*
,108,VAL,143,*
,108,ILE,144,*
,108,ILE,126,*
,109,ASN,305,*
,109,PRO,304,*
,109,PRO,183,*
,109,TYR,291,*
,109,TYR,186,*
,109,TYR,187,*
,109,GLU,327,*
,109,GLU,119,*
,109,TRP,344,*
,109,CYS,194,*
,109,CYS,292,*
,109,GLY,293,*
,109,GLY,343,*
,109,THR,302,*
,109,PHE,189,*
,109,PHE,300,*
,109,ALA,303,*
,109,HIS,294,*
,109,HIS,203,*
,109,HIS,301,*
,110,ASP,68,*
,110,VAL,50,*
,110,LEU,22,*
,110,LEU,39,*
,110,LYS,72,*
,110,LYS,82,*
,110,ILE,29,*
,110,GLU,75,*
,110,TYR,71,*
,110,TYR,41,*
,110,GLY,42,*
,110,GLY,49,*
,110,GLY,51,*
,110,CYS,64,*
,110,CYS,48,*
,110,PHE,25,*
,110,PHE,118,*
,110,PHE,43,*
,110,ALA,38,*
,110,ALA,37,*
,110,HIS,67,*
,110,HIS,26,*
,110,HIS,47,*
,111,ASP,159,*
,111,ASP,131,*
,111,ASP,135,*
,111,ASP,110,*
,111,ASN,244,*
,111,ASN,157,*
,111,ASN,113,*
,111,PRO,130,*
,111,VAL,116,*
,111,VAL,291,*
,111,VAL,117,*
,111,ILE,207,*
,111,GLU,243,*
,111,GLU,212,*
,111,TYR,158,*
,111,TYR,115,*
,111,ARG,215,*
,111,ARG,248,*
,111,ARG,91,*
,111,ARG,293,*
,111,TRP,246,*
,111,GLY,156,*
,111,GLY,247,*
,111,THR,251,*
,111,ALA,114,*
,111,PHE,128,*
,111,HIS,129,*
,111,SER,245,*
,111,SER,211,*
,112,ASP,151,*
,112,ASN,209,*
,112,ASN,127,*
,112,ASN,218,*
,112,PRO,265,*
,112,PRO,207,*
,112,VAL,105,*
,112,LEU,104,*
,112,LEU,108,*
,112,LYS,128,*
,112,LYS,219,*
,112,ILE,24,*
,112,GLU,129,*
,112,GLU,222,*
,112,GLU,153,*
,112,GLY,22,*
,112,GLY,206,*
,112,GLY,106,*
,112,GLY,178,*
,112,GLY,19,*
,112,GLY,48,*
,112,GLY,47,*
,112,THR,21,*
,112,THR,210,*
,112,THR,175,*
,112,MET,205,*
,112,MET,267,*
,112,ALA,69,*
,112,ALA,103,*
,112,ALA,49,*
,112,ALA,46,*
,112,ALA,176,*
,112,ALA,126,*
,112,HIS,50,*
,112,HIS,248,*
,112,SER,152,*
,112,SER,204,*
,112,SER,245,*
,112,SER,213,*
,112,SER,177,*
,112,SER,23,*
,112,SER,20,*
,113,ASN,106,*
,113,VAL,100,*
,113,LEU,123,*
,113,LEU,134,*
,113,LEU,70,*
,113,LEU,58,*
,113,LEU,42,*
,113,LEU,119,*
,113,LEU,60,*
,113,LEU,72,*
,113,ILE,33,*
,113,ILE,63,*
,113,ILE,110,*
,113,TYR,138,*
,113,TYR,102,*
,113,GLY,136,*
,113,THR,39,*
,113,ALA,121,*
,113,PHE,74,*
,113,PHE,56,*
,113,PHE,108,*
,113,MET,87,*
,113,MET,135,*
,114,PRO,1032,*
,114,VAL,1031,*
,114,VAL,1038,*
,114,VAL,1064,*
,114,VAL,1042,*
,114,ILE,950,*
,114,ILE,1073,*
,114,GLU,1107,*
,114,TYR,1023,*
,114,TYR,1070,*
,114,ARG,1066,*
,114,TRP,1026,*
,114,GLY,1030,*
,114,GLY,1065,*
,114,CYS,1060,*
,114,THR,1069,*
,114,THR,1105,*
,114,PHE,1111,*
,114,PHE,1041,*
,114,GLN,1108,*
,114,GLN,1104,*
,115,ASP,66,*
,115,PRO,188,*
,115,LYS,160,*
,115,ILE,15,*
,115,GLY,145,*
,115,GLY,93,*
,115,GLY,142,*
,115,GLY,95,*
,115,GLY,16,*
,115,GLY,10,*
,115,GLY,187,*
,115,GLY,14,*
,115,CYS,11,*
,115,CYS,186,*
,115,PHE,260,*
,115,PHE,227,*
,115,PHE,193,*
,115,SER,13,*
,115,SER,12,*
,115,SER,223,*
,115,SER,143,*
,115,ASN,91,*
,115,ASN,153,*
,115,LEU,94,*
,115,LEU,263,*
,115,LEU,96,*
,115,LEU,65,*
,115,LEU,150,*
,115,VAL,197,*
,115,VAL,189,*
,115,VAL,67,*
,115,VAL,144,*
,115,VAL,284,*
,115,VAL,114,*
,115,VAL,226,*
,115,GLU,283,*
,115,GLU,195,*
,115,TYR,219,*
,115,TYR,156,*
,115,ARG,38,*
,115,ARG,68,*
,115,THR,42,*
,115,THR,191,*
,115,THR,141,*
,115,ALA,92,*
,115,MET,280,*
,115,MET,194,*
,115,MET,148,*
,115,HIS,222,*
,116,ASP,951,*
,116,ASP,949,*
,116,ASN,913,*
,116,ASN,820,*
,116,PRO,916,*
,116,VAL,950,*
,116,VAL,904,*
,116,VAL,946,*
,116,LEU,892,*
,116,LEU,899,*
,116,ILE,898,*
,116,ILE,914,*
,116,LYS,844,*
,116,LYS,977,*
,116,GLU,948,*
,116,GLU,980,*
,116,ARG,897,*
,116,ARG,871,*
,116,GLY,894,*
,116,GLY,924,*
,116,GLY,816,*
,116,GLY,818,*
,116,THR,817,*
,116,MET,896,*
,116,ALA,947,*
,116,ALA,893,*
,116,PHE,895,*
,116,HIS,915,*
,116,HIS,944,*
,116,SER,819,*
,116,SER,973,*
,116,SER,925,*
,117,ASP,147,*
,117,ASP,109,*
,117,ASN,93,*
,117,ASN,70,*
,117,ASN,97,*
,117,VAL,69,*
,117,VAL,144,*
,117,LYS,92,*
,117,LYS,67,*
,117,LYS,33,*
,117,ARG,111,*
,117,CYS,98,*
,117,CYS,91,*
,117,THR,71,*
,117,PHE,146,*
,117,ALA,148,*
,117,ALA,135,*
,117,HIS,38,*
,117,HIS,145,*
,117,GLN,95,*
,117,GLN,37,*
,117,SER,149,*
,118,ASP,10,*
,118,ASP,65,*
,118,ASP,58,*
,118,ASP,48,*
,118,PRO,105,*
,118,LEU,78,*
,118,LEU,107,*
,118,VAL,11,*
,118,LYS,134,*
,118,LYS,106,*
,118,ILE,59,*
,118,ILE,111,*
,118,GLU,137,*
,118,ARG,61,*
,118,GLY,60,*
,118,THR,135,*
,118,ALA,104,*
,118,ALA,102,*
,118,ALA,108,*
,118,ALA,133,*
,118,PHE,63,*
,118,PHE,70,*
,118,HIS,36,*
,118,HIS,44,*
,118,HIS,12,*
,118,GLN,103,*
,118,SER,64,*
,118,SER,37,*
,119,ASP,294,*
,119,ASN,157,*
,119,VAL,250,*
,119,GLU,267,*
,119,TYR,269,*
,119,TYR,257,*
,119,ARG,243,*
,119,ARG,292,*
,119,ARG,293,*
,119,TRP,304,*
,119,TRP,192,*
,119,GLY,249,*
,119,HIS,200,*
,119,HIS,155,*
,119,HIS,248,*
,119,HIS,214,*
,119,SER,251,*
,120,ASN,149,*
,120,ASN,102,*
,120,LEU,122,*
,120,LYS,118,*
,120,ILE,57,*
,120,ARG,69,*
,120,ARG,148,*
,120,ARG,55,*
,120,TRP,121,*
,120,GLY,104,*
,120,GLY,59,*
,120,GLY,72,*
,120,THR,119,*
,120,THR,73,*
,120,PHE,60,*
,120,PHE,113,*
,120,MET,61,*
,120,ALA,103,*
,120,ALA,101,*
,120,ALA,117,*
,120,HIS,126,*
,120,GLN,63,*
,120,GLN,111,*
,121,ASP,151,*
,121,ASN,294,*
,121,ILE,222,*
,121,TYR,406,*
,121,GLU,119,*
,121,GLU,276,*
,121,GLU,227,*
,121,GLU,277,*
,121,ARG,371,*
,121,ARG,152,*
,121,ARG,156,*
,121,ARG,118,*
,121,ARG,292,*
,121,ARG,224,*
,121,TRP,178,*
,121,GLY,348,*
,121,ALA,246,*
,121,SER,179,*
,122,ASP,158,*
,122,ASP,139,*
,122,ILE,160,*
,122,LYS,65,*
,122,CYS,89,*
,122,TRP,34,*
,122,TRP,37,*
,122,PHE,38,*
,122,GLN,67,*
,122,GLN,41,*
,122,SER,91,*
,122,ASN,97,*
,122,ASN,66,*
,122,ASN,68,*
,122,VAL,155,*
,122,LEU,157,*
,122,ARG,63,*
,122,ARG,95,*
,122,THR,69,*
,122,ALA,137,*
,122,MET,27,*
,122,MET,0,*
,122,HIS,109,*
,122,HIS,42,*
,122,HIS,156,*
,123,ASP,345,*
,123,ASP,434,*
,123,ASP,399,*
,123,ASP,343,*
,123,ASN,474,*
,123,LYS,338,*
,123,GLU,457,*
,123,ARG,432,*
,123,ARG,454,*
,123,ARG,336,*
,123,GLY,333,*
,123,GLY,452,*
,123,GLY,332,*
,123,GLY,449,*
,123,GLY,341,*
,123,TRP,450,*
,123,THR,451,*
,123,ALA,397,*
,123,PHE,405,*
,123,HIS,342,*
,123,SER,453,*
,124,ASN,32,*
,124,VAL,121,*
,124,LEU,77,*
,124,LEU,36,*
,124,LEU,122,*
,124,ILE,25,*
,124,ILE,118,*
,124,TRP,22,*
,124,TRP,135,*
,124,GLY,33,*
,124,MET,74,*
,124,SER,21,*
,125,ASN,11,*
,125,LEU,232,*
,125,VAL,233,*
,125,VAL,214,*
,125,ILE,172,*
,125,LYS,13,*
,125,GLU,97,*
,125,GLU,167,*
,125,GLY,212,*
,125,GLY,173,*
,125,GLY,234,*
,125,GLY,235,*
,125,GLY,211,*
,125,ALA,171,*
,125,HIS,95,*
,125,SER,213,*
,126,ASN,135,*
,126,VAL,122,*
,126,LEU,120,*
,126,LEU,144,*
,126,LYS,23,*
,126,LYS,133,*
,126,GLU,142,*
,126,TYR,103,*
,126,TYR,105,*
,126,ARG,97,*
,126,ALA,195,*
,126,PHE,182,*
,126,PHE,134,*
,126,HIS,180,*
,126,HIS,138,*
,127,VAL,515,*
,127,LYS,519,*
,127,LYS,211,*
,127,ILE,157,*
,127,GLU,516,*
,127,GLU,358,*
,127,ARG,273,*
,127,GLY,271,*
,127,GLY,159,*
,127,GLY,158,*
,127,GLY,272,*
,127,THR,215,*
,127,THR,212,*
,127,THR,218,*
,127,ALA,209,*
,127,ALA,390,*
,127,PHE,213,*
,127,HIS,389,*
,127,GLN,512,*
,127,GLN,354,*
,127,GLN,388,*
,127,SER,210,*
,127,SER,160,*
,128,ASP,205,*
,128,LEU,207,*
,128,VAL,4,*
,128,VAL,179,*
,128,ILE,71,*
,128,ILE,64,*
,128,GLU,163,*
,128,GLU,180,*
,128,GLU,182,*
,128,ARG,86,*
,128,ARG,43,*
,128,GLY,63,*
,128,GLY,91,*
,128,GLY,65,*
,128,THR,90,*
,128,THR,89,*
,128,PHE,160,*
,128,MET,181,*
,128,HIS,5,*
,128,SER,204,*
,128,SER,157,*
,129,ASP,185,*
,129,ASN,85,*
,129,LEU,164,*
,129,VAL,228,*
,129,VAL,83,*
,129,VAL,78,*
,129,VAL,82,*
,129,ARG,386,*
,129,GLY,232,*
,129,TRP,182,*
,129,THR,77,*
,129,THR,229,*
,129,MET,86,*
,129,MET,62,*
,129,ALA,233,*
,129,ALA,167,*
,129,PHE,280,*
,129,PHE,168,*
,129,GLN,385,*
,129,SER,237,*
,130,ASN,11,*
,130,LEU,232,*
,130,VAL,214,*
,130,LYS,239,*
,130,LYS,13,*
,130,ILE,172,*
,130,GLU,167,*
,130,GLY,212,*
,130,GLY,173,*
,130,GLY,234,*
,130,GLY,211,*
,130,ALA,233,*
,130,ALA,171,*
,130,HIS,95,*
,130,SER,213,*
,131,ASP,40,*
,131,ASP,91,*
,131,ASN,38,*
,131,PRO,180,*
,131,LYS,68,*
,131,LYS,41,*
,131,TYR,367,*
,131,TYR,181,*
,131,TYR,236,*
,131,GLU,137,*
,131,GLU,179,*
,131,GLU,71,*
,131,GLU,70,*
,131,ARG,92,*
,131,ARG,370,*
,131,TRP,88,*
,131,TRP,366,*
,131,TRP,256,*
,131,MET,356,*
,131,PHE,182,*
,131,ALA,89,*
,132,ASP,8,*
,132,ASN,205,*
,132,LEU,124,*
,132,LYS,41,*
,132,TYR,110,*
,132,GLU,45,*
,132,ARG,167,*
,132,ARG,135,*
,132,GLY,166,*
,132,GLY,165,*
,132,THR,42,*
,132,THR,122,*
,132,THR,140,*
,132,PHE,168,*
,132,ALA,40,*
,132,ALA,132,*
,132,HIS,170,*
,133,ASP,203,*
,133,VAL,205,*
,133,VAL,177,*
,133,GLU,180,*
,133,GLU,178,*
,133,ARG,87,*
,133,ARG,43,*
,133,CYS,91,*
,133,GLY,92,*
,133,MET,179,*
,133,MET,64,*
,133,ALA,156,*
,133,PHE,159,*
,133,HIS,4,*
,133,GLN,158,*
,133,SER,90,*
,133,SER,202,*
,134,ASN,179,*
,134,LEU,315,*
,134,LEU,175,*
,134,VAL,84,*
,134,ILE,201,*
,134,GLU,317,*
,134,GLU,174,*
,134,GLY,202,*
,134,GLY,176,*
,134,THR,180,*
,134,THR,181,*
,134,ALA,203,*
,134,ALA,178,*
,134,ALA,78,*
,134,MET,177,*
,134,GLN,88,*
,134,SER,80,*
,135,ASP,327,*
,135,ASP,254,*
,135,ASP,289,*
,135,TRP,104,*
,135,TRP,179,*
,135,TRP,57,*
,135,PHE,131,*
,135,PHE,66,*
,135,HIS,281,*
,135,HIS,101,*
,135,HIS,257,*
,135,LYS,221,*
,135,GLU,219,*
,136,ASP,117,*
,136,LYS,189,*
,136,TYR,50,*
,136,GLU,84,*
,136,GLY,35,*
,136,GLY,115,*
,136,THR,116,*
,136,THR,36,*
,136,MET,81,*
,136,MET,142,*
,136,ALA,52,*
,136,ALA,141,*
,136,ALA,82,*
,136,SER,83,*
,136,SER,275,*
,137,PRO,222,*
,137,VAL,225,*
,137,VAL,144,*
,137,VAL,117,*
,137,LEU,141,*
,137,LEU,114,*
,137,LEU,140,*
,137,TYR,209,*
,137,TYR,321,*
,137,ARG,206,*
,137,GLY,333,*
,137,GLY,331,*
,137,GLY,223,*
,137,PHE,201,*
,137,ALA,224,*
,137,HIS,313,*
,137,SER,332,*
,137,SER,143,*
,138,PRO,384,*
,138,PRO,226,*
,138,LEU,386,*
,138,ARG,416,*
,138,CYS,229,*
,138,CYS,322,*
,138,GLY,321,*
,138,GLY,323,*
,138,GLY,417,*
,138,THR,418,*
,138,THR,260,*
,138,THR,415,*
,138,ALA,227,*
,138,HIS,419,*
,138,HIS,497,*
,139,ASP,392,*
,139,ASP,307,*
,139,ASN,352,*
,139,ASN,115,*
,139,PRO,102,*
,139,PRO,343,*
,139,VAL,116,*
,139,VAL,351,*
,139,LEU,103,*
,139,LYS,344,*
,139,LYS,100,*
,139,ILE,37,*
,139,GLU,336,*
,139,TYR,391,*
,139,TYR,345,*
,139,TYR,160,*
,139,ARG,119,*
,139,ARG,395,*
,139,ARG,129,*
,139,ARG,153,*
,139,GLY,321,*
,139,GLY,340,*
,139,THR,104,*
,139,THR,338,*
,139,THR,341,*
,139,THR,105,*
,139,ALA,342,*
,139,ALA,337,*
,139,HIS,339,*
,139,SER,113,*
,140,ASP,403,*
,140,ASP,385,*
,140,ASN,342,*
,140,ASN,355,*
,140,LYS,449,*
,140,TYR,452,*
,140,GLU,382,*
,140,ARG,356,*
,140,ARG,299,*
,140,GLY,450,*
,140,GLY,451,*
,140,TRP,381,*
,140,ALA,354,*
,140,ALA,357,*
,140,ALA,400,*
,140,HIS,358,*
,140,GLN,333,*
,140,SER,401,*
,140,SER,387,*
,141,ASP,291,*
,141,ASN,197,*
,141,VAL,290,*
,141,LYS,289,*
,141,TRP,310,*
,141,TRP,314,*
,141,GLY,198,*
,141,GLY,313,*
,141,ALA,269,*
,141,ALA,270,*
,141,HIS,292,*
,141,GLN,152,*
,141,GLN,275,*
,141,GLN,268,*
,142,ASP,72,*
,142,PRO,40,*
,142,PRO,45,*
,142,LEU,258,*
,142,VAL,138,*
,142,LYS,208,*
,142,ILE,144,*
,142,GLU,259,*
,142,TYR,85,*
,142,ARG,172,*
,142,ARG,2,*
,142,GLY,137,*
,142,GLY,42,*
,142,GLY,139,*
,142,GLY,43,*
,142,THR,44,*
,142,THR,41,*
,142,PHE,173,*
,142,PHE,146,*
,142,ALA,145,*
,142,MET,1,*
,142,MET,71,*
,142,HIS,143,*
,143,ASP,120,*
,143,ASP,213,*
,143,ASN,210,*
,143,LEU,208,*
,143,VAL,69,*
,143,LYS,201,*
,143,GLY,209,*
,143,TRP,89,*
,143,CYS,198,*
,143,PHE,64,*
,143,ALA,119,*
,143,HIS,240,*
,143,HIS,116,*
,143,HIS,179,*
,143,HIS,118,*
,144,ASP,180,*
,144,ASP,138,*
,144,ASP,140,*
,144,ASN,101,*
,144,ASN,94,*
,144,LEU,187,*
,144,VAL,176,*
,144,ILE,119,*
,144,ILE,90,*
,144,LYS,170,*
,144,LYS,69,*
,144,GLU,87,*
,144,GLU,100,*
,144,TYR,147,*
,144,TYR,123,*
,144,TYR,98,*
,144,TYR,33,*
,144,TYR,83,*
,144,TYR,183,*
,144,TYR,108,*
,144,TYR,31,*
,144,TYR,195,*
,144,ARG,194,*
,144,ARG,86,*
,144,ARG,121,*
,144,TRP,171,*
,144,THR,104,*
,144,THR,93,*
,144,THR,97,*
,144,THR,167,*
,144,THR,48,*
,144,ALA,174,*
,144,MET,29,*
,144,GLN,179,*
,144,SER,191,*
,144,SER,91,*
,145,ASP,244,*
,145,ASN,243,*
,145,VAL,148,*
,145,ILE,173,*
,145,ILE,175,*
,145,GLU,261,*
,145,TYR,250,*
,145,THR,281,*
,145,PHE,202,*
,145,PHE,187,*
,145,HIS,209,*
,145,HIS,241,*
,145,HIS,210,*
,145,HIS,146,*
,145,HIS,195,*
,146,ASP,70,*
,146,ASP,66,*
,146,ASN,77,*
,146,ASN,64,*
,146,ASN,121,*
,146,VAL,127,*
,146,LEU,74,*
,146,ILE,116,*
,146,ILE,76,*
,146,GLU,53,*
,146,ARG,79,*
,146,TRP,81,*
,146,TRP,80,*
,146,TRP,126,*
,146,ALA,125,*
,146,GLN,75,*
,146,SER,68,*
,147,ASP,34,*
,147,LEU,271,*
,147,LEU,311,*
,147,LYS,147,*
,147,LYS,230,*
,147,LYS,108,*
,147,TYR,59,*
,147,TYR,302,*
,147,GLU,35,*
,147,GLU,190,*
,147,GLU,188,*
,147,ARG,149,*
,147,ARG,304,*
,147,ARG,43,*
,147,GLY,274,*
,147,GLY,303,*
,147,GLY,273,*
,147,ALA,308,*
,147,ALA,32,*
,147,GLN,307,*
,147,SER,272,*
,147,SER,39,*
,147,SER,36,*
,147,SER,301,*
,148,ASN,210,*
,148,PRO,233,*
,148,PRO,266,*
,148,PRO,208,*
,148,LEU,477,*
,148,LEU,293,*
,148,LYS,232,*
,148,LYS,346,*
,148,ILE,206,*
,148,ILE,214,*
,148,GLU,446,*
,148,GLU,164,*
,148,GLU,313,*
,148,CYS,347,*
,148,CYS,314,*
,148,GLY,315,*
,148,GLY,269,*
,148,GLY,265,*
,148,GLY,511,*
,148,GLY,285,*
,148,GLY,316,*
,148,THR,510,*
,148,THR,289,*
,148,THR,284,*
,148,PHE,448,*
,148,PHE,519,*
,148,PHE,209,*
,148,PHE,283,*
,148,PHE,268,*
,148,PHE,211,*
,148,HIS,292,*
,148,SER,348,*
,148,SER,512,*
,148,SER,286,*
,148,SER,234,*
,148,SER,207,*
,148,SER,525,*
,149,ASP,224,*
,149,ASN,176,*
,149,PRO,225,*
,149,VAL,117,*
,149,ILE,120,*
,149,GLU,142,*
,149,TYR,116,*
,149,TYR,198,*
,149,TYR,226,*
,149,TYR,150,*
,149,CYS,113,*
,149,TRP,114,*
,149,GLY,132,*
,149,PHE,203,*
,149,HIS,145,*
,149,HIS,151,*
,149,HIS,141,*
,149,SER,202,*
,149,SER,115,*
,150,ASP,60,*
,150,ASP,97,*
,150,VAL,96,*
,150,LEU,177,*
,150,LEU,37,*
,150,GLU,231,*
,150,GLU,363,*
,150,TYR,365,*
,150,TYR,120,*
,150,TYR,343,*
,150,ARG,315,*
,150,ARG,246,*
,150,ARG,312,*
,150,ARG,36,*
,150,ARG,54,*
,150,TRP,313,*
,150,TRP,121,*
,150,GLN,196,*
,150,SER,230,*
,151,ASP,89,*
,151,ASN,83,*
,151,LEU,87,*
,151,LEU,96,*
,151,ILE,88,*
,151,TYR,92,*
,151,GLY,86,*
,151,MET,67,*
,151,MET,97,*
,151,GLN,95,*
,152,ASN,50,*
,152,LEU,37,*
,152,GLU,115,*
,152,TYR,128,*
,152,TYR,39,*
,152,TYR,64,*
,152,TYR,105,*
,152,ARG,124,*
,152,ARG,94,*
,152,ARG,96,*
,152,CYS,9,*
,152,TRP,46,*
,152,ALA,48,*
,152,HIS,66,*
,152,HIS,7,*
,153,ASP,1870,*
,153,ASN,1735,*
,153,ASN,1734,*
,153,VAL,1908,*
,153,VAL,1944,*
,153,ILE,1736,*
,153,TYR,1733,*
,153,ARG,1910,*
,153,ARG,1732,*
,153,ARG,1715,*
,153,ARG,1809,*
,153,GLY,1907,*
,153,GLY,1909,*
,153,CYS,1904,*
,153,ALA,1906,*
,153,HIS,1945,*
,153,HIS,1871,*
,153,GLN,1948,*
,153,SER,1905,*
,154,ASP,78,*
,154,PRO,40,*
,154,VAL,59,*
,154,VAL,25,*
,154,VAL,77,*
,154,LEU,122,*
,154,LEU,29,*
,154,LEU,20,*
,154,ILE,32,*
,154,TYR,135,*
,154,ARG,112,*
,154,ARG,60,*
,154,ARG,133,*
,154,THR,57,*
,154,THR,55,*
,154,PHE,16,*
,154,ALA,33,*
,154,ALA,36,*
,154,ALA,37,*
,154,MET,124,*
,155,ASN,107,*
,155,PHE,105,*
,155,HIS,152,*
,155,VAL,104,*
,155,VAL,103,*
,155,TYR,153,*
,155,GLU,109,*
,155,GLU,106,*
,155,GLU,122,*
,155,ARG,137,*
,155,ARG,108,*
,155,ARG,133,*
,155,ARG,100,*
,156,ASP,103,*
,156,ASP,165,*
,156,ASP,122,*
,156,LEU,119,*
,156,LEU,118,*
,156,LEU,171,*
,156,LYS,166,*
,156,TYR,197,*
,156,TYR,167,*
,156,TYR,195,*
,156,GLU,125,*
,156,ARG,169,*
,156,ARG,117,*
,156,THR,104,*
,156,HIS,128,*
,157,ASP,108,*
,157,ASN,33,*
,157,ILE,38,*
,157,ILE,120,*
,157,LYS,34,*
,157,LYS,134,*
,157,GLU,119,*
,157,GLU,80,*
,157,GLU,26,*
,157,TYR,130,*
,157,TYR,24,*
,157,ARG,124,*
,157,GLY,121,*
,157,ALA,37,*
,157,ALA,20,*
,157,MET,21,*
,157,HIS,41,*
,157,SER,194,*
,158,ASN,341,*
,158,VAL,302,*
,158,LEU,319,*
,158,LEU,296,*
,158,ILE,337,*
,158,TYR,281,*
,158,TYR,307,*
,158,CYS,339,*
,158,GLY,323,*
,158,THR,321,*
,158,PHE,254,*
,158,PHE,244,*
,158,PHE,280,*
,158,MET,252,*
,158,MET,309,*
,158,MET,289,*
,158,ALA,277,*
,158,HIS,248,*
,158,HIS,293,*
,158,SER,246,*
,158,SER,304,*
,158,SER,292,*
,159,ASP,143,*
,159,LEU,105,*
,159,LYS,38,*
,159,LYS,68,*
,159,GLU,84,*
,159,TYR,36,*
,159,TYR,146,*
,159,TYR,44,*
,159,TYR,54,*
,159,ARG,104,*
,159,ARG,190,*
,159,ARG,189,*
,159,ARG,64,*
,159,GLY,142,*
,159,GLY,141,*
,159,GLY,37,*
,159,GLY,55,*
,159,THR,187,*
,159,ALA,145,*
,159,ALA,188,*
,159,PHE,362,*
,159,PHE,140,*
,159,GLN,225,*
,159,GLN,361,*
,159,GLN,82,*
,159,SER,147,*
,159,SER,270,*
,160,LEU,163,*
,160,LEU,53,*
,160,LEU,70,*
,160,ILE,64,*
,160,ILE,62,*
,160,GLU,140,*
,160,TYR,120,*
,160,TYR,30,*
,160,ARG,38,*
,160,ARG,160,*
,160,ARG,41,*
,160,GLY,52,*
,160,TRP,84,*
,160,TRP,86,*
,160,TRP,76,*
,160,PHE,124,*
,160,PHE,112,*
,160,PHE,81,*
,160,ALA,74,*
,160,HIS,73,*
,160,GLN,147,*
,160,SER,77,*
,161,ASP,185,*
,161,ASN,304,*
,161,VAL,303,*
,161,VAL,245,*
,161,VAL,262,*
,161,LEU,204,*
,161,ILE,192,*
,161,ILE,305,*
,161,TYR,302,*
,161,ARG,179,*
,161,ARG,162,*
,161,ARG,160,*
,161,ARG,249,*
,161,ARG,258,*
,161,THR,190,*
,161,PHE,225,*
,161,PHE,164,*
,161,PHE,264,*
,161,MET,180,*
,161,HIS,243,*
,161,HIS,183,*
,161,GLN,194,*
,161,SER,203,*
,161,SER,260,*
,162,ASN,217,*
,162,ASN,229,*
,162,LEU,281,*
,162,LEU,201,*
,162,LEU,154,*
,162,LEU,289,*
,162,LEU,157,*
,162,ILE,231,*
,162,TRP,284,*
,162,GLY,265,*
,162,GLY,248,*
,162,ALA,160,*
,162,MET,202,*
,162,PHE,205,*
,162,HIS,250,*
,162,GLN,285,*
,162,SER,246,*
,162,SER,266,*
,163,ASN,713,*
,163,ASN,558,*
,163,VAL,769,*
,163,VAL,566,*
,163,LEU,565,*
,163,LEU,773,*
,163,LEU,515,*
,163,LEU,277,*
,163,ILE,572,*
,163,ILE,857,*
,163,ILE,557,*
,163,TRP,519,*
,163,PHE,576,*
,163,ALA,561,*
,163,HIS,709,*
,163,HIS,523,*
,163,HIS,518,*
,163,HIS,513,*
,163,GLN,716,*
,163,GLN,514,*
,164,ASP,101,*
,164,LYS,170,*
,164,LYS,94,*
,164,ILE,90,*
,164,TRP,191,*
,164,TRP,171,*
,164,CYS,91,*
,164,GLY,50,*
,164,GLN,179,*
,164,GLN,89,*
,164,GLN,96,*
,164,VAL,49,*
,164,VAL,58,*
,164,VAL,176,*
,164,LEU,119,*
,164,LEU,180,*
,164,LEU,105,*
,164,TYR,147,*
,164,TYR,123,*
,164,TYR,83,*
,164,TYR,183,*
,164,TYR,108,*
,164,TYR,31,*
,164,TYR,195,*
,164,GLU,69,*
,164,GLU,87,*
,164,GLU,187,*
,164,GLU,100,*
,164,ARG,86,*
,164,THR,104,*
,164,THR,97,*
,164,THR,167,*
,164,THR,48,*
,164,MET,29,*
,164,ALA,174,*
,164,ALA,93,*
,164,HIS,33,*
,164,HIS,138,*
,164,HIS,140,*
,165,ASP,334,*
,165,ASP,215,*
,165,ASP,142,*
,165,ASP,316,*
,165,PRO,14,*
,165,ILE,339,*
,165,GLU,144,*
,165,TYR,98,*
,165,TYR,292,*
,165,TYR,214,*
,165,TYR,10,*
,165,ARG,294,*
,165,GLY,96,*
,165,TRP,403,*
,165,TRP,97,*
,165,MET,401,*
,165,MET,212,*
,165,PHE,51,*
,165,PHE,12,*
,165,ALA,184,*
,165,HIS,404,*
,165,GLN,407,*
,166,ASP,201,*
,166,ASP,223,*
,166,ASN,204,*
,166,ASN,222,*
,166,HIS,206,*
,166,ILE,224,*
,166,GLU,210,*
,166,GLU,202,*
,167,ASP,101,*
,167,ASN,108,*
,167,PRO,52,*
,167,PRO,39,*
,167,VAL,102,*
,167,GLU,50,*
,167,TYR,37,*
,167,GLY,38,*
,167,CYS,63,*
,167,THR,105,*
,167,HIS,51,*
,167,GLN,54,*
,168,ASP,22,*
,168,ASP,279,*
,168,PRO,165,*
,168,PRO,113,*
,168,LYS,112,*
,168,LYS,201,*
,168,LYS,229,*
,168,ILE,25,*
,168,GLY,178,*
,168,GLY,226,*
,168,GLY,193,*
,168,CYS,76,*
,168,PHE,224,*
,168,PHE,196,*
,168,GLN,166,*
,168,SER,195,*
,168,LEU,190,*
,168,LEU,194,*
,168,VAL,227,*
,168,TYR,109,*
,168,TYR,28,*
,168,GLU,158,*
,168,GLU,21,*
,168,GLU,316,*
,168,ARG,180,*
,168,ARG,249,*
,168,ARG,107,*
,168,THR,162,*
,168,THR,236,*
,168,ALA,179,*
,168,ALA,169,*
,168,MET,314,*
,168,HIS,282,*
,169,ASP,922,*
,169,PRO,824,*
,169,ILE,919,*
,169,ILE,923,*
,169,LYS,826,*
,169,GLY,912,*
,169,GLY,821,*
,169,TRP,847,*
,169,TRP,823,*
,169,GLN,883,*
,169,GLN,810,*
,169,SER,910,*
,169,ASN,899,*
,169,LEU,817,*
,169,VAL,916,*
,169,TYR,814,*
,169,TYR,798,*
,169,GLU,913,*
,169,ARG,902,*
,169,ARG,822,*
,169,THR,840,*
,169,THR,889,*
,169,MET,893,*
,169,ALA,920,*
,169,ALA,844,*
,169,ALA,843,*
,169,ALA,813,*
,169,HIS,900,*
,170,ASP,729,*
,170,ASP,781,*
,170,VAL,779,*
,170,LEU,776,*
,170,LYS,765,*
,170,LYS,807,*
,170,ILE,780,*
,170,ILE,791,*
,170,ILE,762,*
,170,ILE,788,*
,170,GLU,787,*
,170,TYR,784,*
,170,GLY,778,*
,170,GLY,789,*
,170,GLY,777,*
,170,GLN,810,*
,170,SER,766,*
,170,SER,767,*
,171,ASN,116,*
,171,ASN,70,*
,171,ASN,12,*
,171,LEU,150,*
,171,VAL,149,*
,171,TYR,68,*
,171,TYR,17,*
,171,GLY,117,*
,171,MET,69,*
,171,HIS,22,*
,171,HIS,115,*
,171,SER,146,*
,172,ASP,71,*
,172,ASN,28,*
,172,ASN,72,*
,172,ASN,46,*
,172,ASN,45,*
,172,PRO,40,*
,172,LEU,53,*
,172,LEU,24,*
,172,LEU,41,*
,172,LYS,75,*
,172,LYS,78,*
,172,ILE,31,*
,172,TYR,74,*
,172,TYR,50,*
,172,TYR,91,*
,172,CYS,67,*
,172,CYS,51,*
,172,GLY,52,*
,172,GLY,54,*
,172,PHE,128,*
,172,PHE,27,*
,172,PHE,44,*
,172,HIS,70,*
,173,GLY,117,*
,173,GLY,114,*
,173,GLY,113,*
,173,ASN,116,*
,173,ASN,70,*
,173,ASN,12,*
,173,MET,69,*
,173,VAL,147,*
,173,VAL,151,*
,173,LEU,152,*
,173,LEU,97,*
,173,HIS,22,*
,173,HIS,115,*
,173,TYR,68,*
,173,TYR,17,*
,173,SER,148,*
,174,ASP,271,*
,174,ASP,355,*
,174,LYS,263,*
,174,TYR,50,*
,174,TYR,48,*
,174,ARG,170,*
,174,ARG,357,*
,174,TRP,326,*
,174,TRP,325,*
,174,MET,258,*
,174,HIS,28,*
,174,HIS,49,*
,174,HIS,26,*
,174,SER,223,*
,175,ASP,77,*
,175,PRO,39,*
,175,VAL,33,*
,175,VAL,116,*
,175,VAL,24,*
,175,VAL,26,*
,175,ILE,105,*
,175,LYS,59,*
,175,TYR,129,*
,175,TYR,20,*
,175,ARG,127,*
,175,ARG,79,*
,175,CYS,118,*
,175,THR,30,*
,175,PHE,58,*
,175,PHE,17,*
,175,MET,21,*
,175,MET,41,*
,175,ALA,34,*
,175,ALA,76,*
,175,SER,54,*
,176,ASN,190,*
,176,ASN,17,*
,176,VAL,248,*
,176,TYR,92,*
,176,GLU,89,*
,176,ARG,116,*
,176,ARG,90,*
,176,ARG,21,*
,176,ARG,117,*
,176,ARG,10,*
,176,ARG,100,*
,176,ARG,62,*
,176,GLY,189,*
,176,CYS,23,*
,176,PHE,22,*
,176,HIS,11,*
,176,HIS,188,*
,176,GLN,28,*
,176,SER,24,*
,177,ASP,170,*
,177,ASP,69,*
,177,ASP,72,*
,177,ASP,71,*
,177,ASP,196,*
,177,ASN,195,*
,177,LEU,96,*
,177,LYS,219,*
,177,LYS,177,*
,177,TYR,95,*
,177,TYR,218,*
,177,GLU,93,*
,177,ARG,139,*
,177,TRP,102,*
,177,GLY,138,*
,177,THR,137,*
,177,THR,217,*
,177,PHE,81,*
,177,SER,77,*
,177,SER,216,*
,177,SER,193,*
,177,SER,78,*
,178,LYS,21,*
,178,LYS,55,*
,178,TYR,104,*
,178,GLU,87,*
,178,GLU,4,*
,178,GLU,116,*
,178,GLU,114,*
,178,GLU,135,*
,178,ARG,83,*
,178,ARG,51,*
,178,TRP,161,*
,178,CYS,67,*
,178,CYS,118,*
,178,GLY,68,*
,178,ALA,34,*
,178,PHE,35,*
,178,HIS,69,*
,178,GLN,165,*
,178,SER,36,*
,179,ASP,205,*
,179,VAL,179,*
,179,ILE,207,*
,179,ILE,72,*
,179,GLU,180,*
,179,GLU,182,*
,179,ARG,88,*
,179,ARG,218,*
,179,ARG,44,*
,179,CYS,92,*
,179,GLY,93,*
,179,PHE,160,*
,179,MET,181,*
,179,MET,65,*
,179,ALA,157,*
,179,HIS,5,*
,179,SER,204,*
,179,SER,91,*
,180,ASN,387,*
,180,PRO,14,*
,180,VAL,194,*
,180,TYR,391,*
,180,TYR,412,*
,180,GLU,239,*
,180,GLU,377,*
,180,THR,267,*
,180,THR,13,*
,180,THR,15,*
,180,MET,266,*
,180,PHE,373,*
,180,PHE,374,*
,180,HIS,124,*
,180,HIS,59,*
,180,HIS,192,*
,180,HIS,12,*
,181,ASP,164,*
,181,ASN,169,*
,181,ILE,154,*
,181,GLU,162,*
,181,ARG,152,*
,181,ARG,104,*
,181,ARG,153,*
,181,TRP,165,*
,181,GLY,166,*
,181,MET,102,*
,181,MET,100,*
,181,PHE,118,*
,181,PHE,167,*
,181,SER,168,*
,182,ASP,345,*
,182,ASP,362,*
,182,ASN,361,*
,182,ASN,343,*
,182,GLU,349,*
,182,GLU,341,*
,182,ARG,363,*
,183,ASP,152,*
,183,ASN,73,*
,183,ASN,47,*
,183,VAL,71,*
,183,VAL,132,*
,183,LEU,49,*
,183,TYR,67,*
,183,GLY,72,*
,183,TRP,103,*
,183,TRP,116,*
,183,THR,134,*
,183,ALA,74,*
,183,ALA,110,*
,183,SER,112,*
,183,SER,69,*
,183,SER,114,*
,183,SER,51,*
,184,LEU,231,*
,184,LEU,148,*
,184,LEU,249,*
,184,LYS,208,*
,184,ILE,350,*
,184,ILE,144,*
,184,ARG,220,*
,184,GLY,244,*
,184,GLY,248,*
,184,PHE,319,*
,184,PHE,235,*
,184,ALA,246,*
,184,ALA,243,*
,184,ALA,234,*
,184,ALA,318,*
,184,MET,228,*
,184,MET,134,*
,184,MET,157,*
,184,MET,288,*
,184,HIS,348,*
,184,HIS,156,*
,184,GLN,183,*
,184,SER,227,*
,184,SER,247,*
,185,ASP,82,*
,185,ASN,109,*
,185,VAL,86,*
,185,VAL,105,*
,185,LEU,43,*
,185,LYS,112,*
,185,LYS,125,*
,185,LYS,122,*
,185,TYR,85,*
,185,GLU,46,*
,185,GLU,47,*
,185,GLY,121,*
,185,PHE,17,*
,185,GLN,123,*
,186,VAL,175,*
,186,LEU,90,*
,186,LEU,185,*
,186,LEU,62,*
,186,ILE,59,*
,186,GLU,281,*
,186,GLU,93,*
,186,ARG,173,*
,186,GLY,92,*
,186,GLY,85,*
,186,THR,86,*
,186,PHE,121,*
,186,HIS,224,*
,186,HIS,235,*
,186,HIS,222,*
,187,ASP,159,*
,187,ASP,248,*
,187,ASP,305,*
,187,VAL,302,*
,187,LEU,249,*
,187,ILE,321,*
,187,ILE,303,*
,187,TYR,299,*
,187,GLU,201,*
,187,GLU,202,*
,187,TRP,207,*
,187,TRP,329,*
,187,PHE,325,*
,187,HIS,330,*
,187,HIS,140,*
,187,GLN,304,*
,187,SER,323,*
,188,ASP,283,*
,188,ASN,271,*
,188,ASN,67,*
,188,ASN,53,*
,188,PRO,84,*
,188,LEU,214,*
,188,LEU,372,*
,188,LYS,95,*
,188,LYS,267,*
,188,ILE,213,*
,188,ILE,86,*
,188,ILE,377,*
,188,TYR,92,*
,188,GLU,52,*
,188,GLU,83,*
,188,ARG,11,*
,188,ARG,370,*
,188,ARG,261,*
,188,GLY,367,*
,188,GLY,268,*
,188,THR,264,*
,188,ALA,371,*
,188,ALA,88,*
,188,ALA,368,*
,188,ALA,89,*
,188,HIS,265,*
,188,GLN,364,*
,188,SER,85,*
,188,SER,66,*
,188,SER,91,*
,189,ASN,39,*
,189,VAL,35,*
,189,VAL,36,*
,189,TYR,86,*
,189,GLU,41,*
,189,GLU,54,*
,189,ARG,69,*
,189,ARG,40,*
,189,ARG,65,*
,189,PHE,37,*
,189,HIS,85,*
,189,GLN,38,*
,189,GLN,32,*
,190,TRP,58,*
,190,ASP,57,*
,190,ASP,13,*
,190,THR,87,*
,190,ASN,59,*
,190,ALA,88,*
,190,VAL,86,*
,190,LYS,109,*
,191,ASP,497,*
,191,ASP,509,*
,191,ASP,496,*
,191,ASP,351,*
,191,ASP,355,*
,191,LEU,492,*
,191,VAL,452,*
,191,LYS,512,*
,191,ILE,564,*
,191,ILE,457,*
,191,ILE,344,*
,191,GLU,504,*
,191,TYR,572,*
,191,TYR,426,*
,191,ARG,507,*
,191,ARG,314,*
,191,ARG,493,*
,191,TRP,323,*
,191,THR,348,*
,191,THR,500,*
,191,PHE,578,*
,191,ALA,453,*
,191,ALA,347,*
,191,SER,451,*
,192,ASP,379,*
,192,ASP,459,*
,192,ASP,399,*
,192,PRO,389,*
,192,ILE,547,*
,192,LYS,374,*
,192,LYS,552,*
,192,LYS,386,*
,192,GLY,462,*
,192,GLY,390,*
,192,GLY,489,*
,192,PHE,398,*
,192,PHE,583,*
,192,SER,391,*
,192,SER,548,*
,192,SER,549,*
,192,SER,554,*
,192,SER,550,*
,192,ASN,457,*
,192,LEU,395,*
,192,LEU,492,*
,192,LEU,487,*
,192,VAL,551,*
,192,GLU,461,*
,192,TYR,493,*
,192,ARG,463,*
,192,THR,488,*
,192,THR,486,*
,192,MET,392,*
,192,MET,396,*
,192,ALA,577,*
,192,ALA,490,*
,192,ALA,388,*
,192,ALA,460,*
,194,ASP,190,*
,194,LEU,246,*
,194,LEU,250,*
,194,ILE,205,*
,194,ILE,242,*
,194,LYS,164,*
,194,GLU,191,*
,194,TYR,251,*
,194,TYR,136,*
,194,TYR,43,*
,194,GLY,206,*
,194,GLY,46,*
,194,GLY,188,*
,194,THR,166,*
,194,THR,208,*
,194,THR,48,*
,194,ALA,10,*
,194,PHE,189,*
,194,SER,207,*
,194,SER,47,*
,195,ASP,391,*
,195,ASP,123,*
,195,ASP,349,*
,195,ASP,73,*
,195,ASP,175,*
,195,HIS,434,*
,195,HIS,392,*
,195,HIS,353,*
,195,ARG,188,*
,195,SER,124,*
,196,ASP,565,*
,196,ASN,461,*
,196,VAL,591,*
,196,LEU,462,*
,196,ILE,545,*
,196,GLU,595,*
,196,GLU,568,*
,196,GLU,460,*
,196,TYR,413,*
,196,GLY,596,*
,196,GLY,594,*
,196,GLY,604,*
,196,CYS,567,*
,196,CYS,597,*
,196,TRP,416,*
,196,TRP,593,*
,196,TRP,458,*
,196,PHE,605,*
,196,ALA,566,*
,196,HIS,409,*
,196,SER,592,*
,196,SER,571,*
,197,ASP,96,2
,197,ASN,32,2
,197,ALA,34,2
,197,PHE,91,1
,197,PHE,96,1
,197,VAL,92,1
,197,GLU,93,1
,197,TYR,27,2
,197,TYR,50,2
,197,TYR,33,2
,197,TYR,32,1
,197,TYR,95,2
,197,TYR,97,2
,197,TYR,94,1
,197,ARG,52,2
,198,THR,128,*
,198,MET,88,*
,198,MET,129,*
,198,PHE,70,*
,198,VAL,123,*
,198,VAL,87,*
,198,VAL,120,*
,198,VAL,132,*
,198,LEU,119,*
,198,LEU,22,*
,198,LEU,67,*
,198,LEU,91,*
,198,LEU,26,*
,198,LYS,127,*
,198,ILE,84,*
,198,ILE,72,*
,198,ILE,66,*
,198,SER,124,*
,199,ASP,235,*
,199,ASN,234,*
,199,TYR,228,*
,199,GLU,215,*
,199,GLU,226,*
,199,GLU,222,*
,199,ARG,217,*
,199,ARG,236,*
,200,ASP,321,*
,200,ASP,247,*
,200,LEU,344,*
,200,LYS,397,*
,200,LYS,346,*
,200,GLU,212,*
,200,GLU,296,*
,200,GLU,169,*
,200,ARG,375,*
,200,GLY,38,*
,200,THR,41,*
,200,ALA,39,*
,200,HIS,374,*
,200,GLN,168,*
,200,SER,373,*
,200,SER,376,*
,200,SER,40,*
,201,ASP,614,*
,201,ASP,504,*
,201,PRO,616,*
,201,VAL,532,*
,201,ILE,446,*
,201,LYS,19,*
,201,TYR,527,*
,201,TYR,531,*
,201,GLU,499,*
,201,GLU,620,*
,201,ARG,530,*
,201,CYS,659,*
,201,CYS,739,*
,201,GLY,447,*
,201,GLY,740,*
,201,TRP,523,*
,201,TRP,576,*
,201,MET,566,*
,201,MET,505,*
,201,HIS,128,*
,201,HIS,657,*
,201,GLN,612,*
,201,SER,448,*
,201,SER,526,*
,201,SER,529,*
,202,PRO,19,1
,202,ILE,192,2
,202,TYR,109,2
,202,TYR,25,2
,202,TYR,148,2
,202,ARG,158,2
,202,ARG,142,1
,202,GLY,18,1
,202,GLY,143,1
,202,TRP,150,2
,202,THR,27,2
,202,THR,16,1
,202,HIS,163,2
,202,HIS,161,2
,202,GLN,178,2
,203,ASP,243,*
,203,ASP,318,*
,203,LEU,341,*
,203,LYS,394,*
,203,LYS,343,*
,203,GLU,291,*
,203,GLU,165,*
,203,GLU,208,*
,203,ARG,372,*
,203,GLY,38,*
,203,THR,41,*
,203,ALA,39,*
,203,HIS,371,*
,203,HIS,156,*
,203,GLN,164,*
,203,SER,373,*
,203,SER,370,*
,203,SER,40,*
,203,SER,37,*
,204,LEU,68,*
,204,VAL,37,*
,204,ILE,19,*
,204,GLU,63,*
,204,GLU,108,*
,204,GLU,86,*
,204,GLU,82,*
,204,ARG,18,*
,204,ARG,54,*
,204,GLY,67,*
,204,ALA,36,*
,204,ALA,66,*
,204,HIS,33,*
,204,GLN,52,*
,205,ASP,180,*
,205,ASN,330,*
,205,PRO,181,*
,205,VAL,272,*
,205,LEU,270,*
,205,ILE,231,*
,205,ILE,262,*
,205,ILE,184,*
,205,GLU,284,*
,205,GLY,178,*
,205,PHE,204,*
,205,PHE,329,*
,205,PHE,275,*
,205,ALA,259,*
,205,HIS,183,*
,205,GLN,282,*
,206,ASP,9,*
,206,ASN,13,*
,206,VAL,63,*
,206,LEU,32,*
,206,LEU,7,*
,206,LEU,26,*
,206,ILE,30,*
,206,LYS,31,*
,206,LYS,17,*
,206,TYR,25,*
,206,ARG,16,*
,206,GLY,29,*
,206,THR,61,*
,206,PHE,39,*
,206,GLN,52,*
,206,SER,38,*
,206,SER,60,*
,207,ASN,173,*
,207,PRO,92,*
,207,LEU,121,*
,207,VAL,170,*
,207,VAL,166,*
,207,VAL,87,*
,207,VAL,67,*
,207,VAL,169,*
,207,VAL,114,*
,207,LYS,64,*
,207,TYR,124,*
,207,GLU,147,*
,207,GLU,98,*
,207,PHE,112,*
,207,PHE,165,*
,207,PHE,66,*
,207,ALA,93,*
,207,HIS,119,*
,207,HIS,65,*
,207,SER,96,*
,208,ASP,373,*
,208,ASP,186,*
,208,ASN,460,*
,208,VAL,458,*
,208,VAL,381,*
,208,TYR,371,*
,208,TYR,152,*
,208,TYR,412,*
,208,TYR,459,*
,208,TYR,148,*
,208,TYR,404,*
,208,TRP,376,*
,208,GLY,377,*
,208,THR,185,*
,208,PHE,435,*
,208,PHE,184,*
,208,SER,380,*
,209,ASP,15,*
,209,GLY,12,*
,209,PHE,40,*
,209,MET,16,*
,209,MET,13,*
,209,LEU,79,*
,209,LYS,19,*
,209,SER,9,*
,209,ARG,8,*
,210,ASP,93,*
,210,ASP,90,*
,210,ASP,220,*
,210,ILE,92,*
,210,ILE,216,*
,210,TYR,211,*
,210,GLU,162,*
,210,GLU,70,*
,210,GLU,213,*
,210,GLY,215,*
,210,GLY,194,*
,210,GLY,164,*
,210,GLY,94,*
,210,THR,95,*
,210,THR,195,*
,210,ALA,196,*
,210,HIS,217,*
,210,SER,165,*
,211,ASP,156,*
,211,VAL,158,*
,211,LYS,240,*
,211,ILE,195,*
,211,TYR,152,*
,211,ARG,197,*
,211,ARG,212,*
,211,ARG,208,*
,211,ARG,193,*
,211,GLY,132,*
,211,ALA,130,*
,211,GLN,160,*
,211,SER,131,*
,211,SER,154,*
,212,ASP,11,*
,212,ASN,213,*
,212,ASN,9,*
,212,LEU,195,*
,212,VAL,94,*
,212,ILE,214,*
,212,GLU,72,*
,212,GLU,153,*
,212,CYS,92,*
,212,GLY,215,*
,212,GLY,194,*
,212,GLY,192,*
,212,THR,103,*
,212,THR,102,*
,212,THR,43,*
,212,ALA,217,*
,212,PHE,133,*
,212,HIS,216,*
,212,HIS,45,*
,212,HIS,193,*
,213,GLY,35,*
,213,ALA,36,*
,213,VAL,66,*
,213,ILE,68,*
,213,LYS,32,*
,213,TYR,69,*
,213,GLN,67,*
,214,ASP,252,*
,214,ASN,254,*
,214,LEU,313,*
,214,ILE,353,*
,214,ILE,357,*
,214,TYR,358,*
,214,GLU,182,*
,214,GLU,380,*
,214,ARG,237,*
,214,ARG,255,*
,214,THR,378,*
,214,ALA,360,*
,214,HIS,306,*
,214,HIS,179,*
,214,SER,307,*
,215,ASN,27,*
,215,PRO,97,*
,215,LEU,146,*
,215,VAL,25,*
,215,VAL,108,*
,215,VAL,41,*
,215,ILE,142,*
,215,GLU,57,*
,215,GLU,110,*
,215,ARG,99,*
,215,ARG,47,*
,215,PHE,59,*
,215,HIS,95,*
,215,HIS,51,*
,216,ASN,40,*
,216,PRO,45,*
,216,VAL,58,*
,216,LEU,43,*
,216,LEU,41,*
,216,ILE,57,*
,216,ARG,84,*
,216,ARG,54,*
,216,GLY,85,*
,216,THR,81,*
,216,THR,44,*
,216,MET,42,*
,216,SER,88,*
,217,LEU,115,*
,217,VAL,73,*
,217,LYS,60,*
,217,TYR,108,*
,217,GLU,78,*
,217,ARG,116,*
,217,ARG,90,*
,217,ARG,63,*
,217,ARG,7,*
,217,CYS,75,*
,217,THR,74,*
,217,ALA,59,*
,217,ALA,9,*
,217,PHE,57,*
,218,THR,193,*
,218,PHE,372,*
,218,TYR,319,*
,218,TYR,530,*
,218,TYR,337,*
,218,TYR,280,*
,218,GLU,276,*
,218,GLU,409,*
,218,SER,255,*
,218,ARG,502,*
,218,ARG,424,*
,218,ARG,192,*
,219,ASP,421,*
,219,PRO,356,*
,219,LYS,343,*
,219,ILE,206,*
,219,GLU,357,*
,219,TYR,78,*
,219,GLY,77,*
,219,GLY,76,*
,219,THR,162,*
,219,PHE,348,*
,219,ALA,164,*
,219,MET,342,*
,219,HIS,451,*
,219,SER,163,*
,220,ASP,343,*
,220,ASN,312,*
,220,PRO,552,*
,220,LYS,440,*
,220,LYS,438,*
,220,GLU,390,*
,220,GLU,341,*
,220,TYR,551,*
,220,TYR,314,*
,220,ARG,549,*
,220,HIS,356,*
,220,HIS,311,*
,220,GLN,319,*
,220,SER,501,*
,220,SER,522,*
,220,SER,388,*
,221,ASP,90,*
,221,ASN,219,*
,221,ASN,305,*
,221,LEU,83,*
,221,LEU,183,*
,221,LEU,86,*
,221,LEU,184,*
,221,LYS,181,*
,221,LYS,226,*
,221,GLU,227,*
,221,TYR,315,*
,221,TYR,67,*
,221,ARG,314,*
,221,TRP,308,*
,221,GLY,180,*
,221,PHE,87,*
,221,PHE,153,*
,221,GLN,157,*
,221,SER,223,*
,222,ASP,15,*
,222,ASN,313,*
,222,PRO,317,*
,222,PRO,228,*
,222,LEU,334,*
,222,LEU,264,*
,222,LEU,331,*
,222,ILE,66,*
,222,GLU,17,*
,222,TYR,16,*
,222,ARG,327,*
,222,ARG,165,*
,222,ARG,338,*
,222,CYS,330,*
,222,TRP,245,*
,222,GLY,20,*
,222,THR,67,*
,222,THR,21,*
,222,THR,18,*
,222,ALA,312,*
,222,ALA,63,*
,222,PHE,107,*
,223,ASP,252,*
,223,ASN,231,*
,223,PRO,250,*
,223,VAL,230,*
,223,TYR,232,*
,223,GLY,269,*
,223,GLY,272,*
,223,GLY,251,*
,223,GLY,270,*
,223,THR,280,*
,223,PHE,281,*
,223,ALA,248,*
,223,HIS,149,*
,223,GLN,249,*
,223,SER,271,*
,223,SER,253,*
,223,SER,268,*
,223,SER,235,*
,224,ASP,373,*
,224,ASP,334,*
,224,ASP,189,*
,224,ASP,343,*
,224,PRO,411,*
,224,LEU,149,*
,224,LEU,291,*
,224,LYS,257,*
,224,LYS,150,*
,224,TYR,254,*
,224,TYR,185,*
,224,TYR,156,*
,224,TYR,250,*
,224,TYR,216,*
,224,GLU,33,*
,224,ARG,294,*
,224,ARG,192,*
,224,ARG,253,*
,224,ARG,186,*
,224,ARG,260,*
,224,GLY,152,*
,224,GLY,153,*
,224,THR,371,*
,224,THR,37,*
,224,MET,336,*
,224,PHE,339,*
,224,PHE,337,*
,224,PHE,284,*
,224,PHE,220,*
,224,HIS,374,*
,224,HIS,381,*
,224,HIS,287,*
,224,GLN,288,*
,224,GLN,41,*
,224,GLN,377,*
,224,SER,190,*
,224,SER,283,*
,225,ASP,322,*
,225,ASN,343,*
,225,LEU,68,*
,225,TYR,160,*
,225,GLY,294,*
,225,GLY,344,*
,225,CYS,324,*
,225,PHE,70,*
,225,PHE,157,*
,225,MET,99,*
,225,MET,293,*
,225,HIS,244,*
,225,HIS,63,*
,225,HIS,188,*
,225,HIS,65,*
,226,ASP,42,*
,226,ASN,21,*
,226,TYR,90,*
,226,TYR,164,*
,226,TYR,89,*
,226,ARG,385,*
,226,ARG,15,*
,226,THR,296,*
,226,THR,297,*
,226,PHE,271,*
,226,PHE,135,*
,226,HIS,45,*
,226,GLN,298,*
,227,ASP,107,*
,227,LEU,134,*
,227,LEU,176,*
,227,LYS,75,*
,227,GLU,225,*
,227,TYR,179,*
,227,GLY,178,*
,227,THR,104,*
,227,HIS,221,*
,227,HIS,103,*
,227,HIS,204,*
,227,HIS,71,*
,227,HIS,70,*
,227,SER,177,*
,228,ASP,260,*
,228,ASN,295,*
,228,PRO,279,*
,228,VAL,244,*
,228,VAL,298,*
,228,LEU,294,*
,228,LEU,103,*
,228,LEU,235,*
,228,LYS,280,*
,228,LYS,51,*
,228,TYR,187,*
,228,GLU,100,*
,228,ARG,206,*
,228,GLY,50,*
,228,GLY,236,*
,228,GLY,48,*
,228,THR,52,*
,228,THR,278,*
,228,PHE,296,*
,228,PHE,241,*
,228,PHE,208,*
,228,MET,56,*
,228,HIS,261,*
,228,GLN,240,*
,228,SER,53,*
,228,SER,49,*
,229,ASP,309,*
,229,ASP,326,*
,229,ASP,202,*
,229,ASN,462,*
,229,VAL,251,*
,229,ILE,308,*
,229,LYS,356,*
,229,LYS,201,*
,229,GLU,361,*
,229,TYR,461,*
,229,TYR,224,*
,229,ARG,386,*
,229,GLY,271,*
,229,TRP,270,*
,229,THR,305,*
,229,MET,381,*
,229,PHE,360,*
,229,ALA,252,*
,229,HIS,427,*
,229,GLN,269,*
,229,GLN,451,*
,229,SER,217,*
,230,VAL,141,*
,230,LEU,130,*
,230,LEU,37,*
,230,LYS,35,*
,230,GLU,74,*
,230,THR,139,*
,230,THR,126,*
,230,MET,33,*
,230,ALA,128,*
,230,ALA,129,*
,230,SER,137,*
,231,ASP,174,*
,231,ASN,161,*
,231,LEU,163,*
,231,LEU,114,*
,231,VAL,50,*
,231,LYS,65,*
,231,LYS,44,*
,231,ILE,42,*
,231,TYR,113,*
,231,GLU,112,*
,231,GLY,45,*
,231,GLY,43,*
,231,GLY,48,*
,231,THR,95,*
,231,PHE,47,*
,231,ALA,63,*
,231,ALA,160,*
,231,MET,111,*
,231,SER,46,*
,232,ASP,217,*
,232,ASP,278,*
,232,ASP,241,*
,232,ASP,326,*
,232,ASP,78,*
,232,ASN,286,*
,232,ASN,187,*
,232,PRO,271,*
,232,PRO,277,*
,232,LEU,254,*
,232,LEU,90,*
,232,LEU,91,*
,232,VAL,272,*
,232,VAL,72,*
,232,VAL,188,*
,232,LYS,185,*
,232,ILE,11,*
,232,ILE,279,*
,232,TYR,139,*
,232,GLU,87,*
,232,GLU,270,*
,232,ARG,104,*
,232,ARG,132,*
,232,ARG,94,*
,232,GLY,274,*
,232,GLY,74,*
,232,GLY,73,*
,232,GLY,255,*
,232,ALA,276,*
,232,ALA,285,*
,232,HIS,273,*
,232,SER,71,*
,232,SER,275,*
,233,ASP,336,*
,233,ASN,427,*
,233,ASN,247,*
,233,ILE,324,*
,233,ILE,242,*
,233,GLU,334,*
,233,GLU,339,*
,233,GLU,249,*
,233,ARG,287,*
,233,TRP,318,*
,233,TRP,245,*
,233,TRP,329,*
,233,TRP,314,*
,233,GLY,246,*
,233,ALA,316,*
,233,HIS,353,*
,234,ASN,339,*
,234,LEU,94,*
,234,TYR,191,*
,234,TYR,344,*
,234,TYR,259,*
,234,TYR,338,*
,234,GLU,162,*
,234,ARG,337,*
,234,ARG,188,*
,234,GLY,224,*
,234,MET,227,*
,234,PHE,217,*
,234,PHE,226,*
,234,ALA,220,*
,234,ALA,218,*
,234,HIS,340,*
,234,GLN,98,*
,234,GLN,225,*
,234,SER,216,*
,234,SER,230,*
,235,ASP,120,*
,235,ASP,168,*
,235,PRO,184,*
,235,VAL,182,*
,235,LEU,124,*
,235,LEU,172,*
,235,LEU,164,*
,235,ILE,210,*
,235,ILE,122,*
,235,GLU,214,*
,235,GLU,169,*
,235,TYR,178,*
,235,TYR,160,*
,235,ARG,209,*
,235,ARG,183,*
,235,ARG,226,*
,235,CYS,171,*
,235,GLY,170,*
,235,GLY,123,*
,235,GLY,121,*
,235,PHE,167,*
,235,HIS,217,*
,235,HIS,213,*
,235,GLN,128,*
,235,SER,173,*
,235,SER,125,*
,236,ASP,11,*
,236,ASP,177,*
,236,ASP,55,*
,236,ASN,53,*
,236,ASN,176,*
,236,PRO,205,*
,236,PRO,83,*
,236,PRO,80,*
,236,PRO,211,*
,236,LEU,207,*
,236,VAL,18,*
,236,VAL,40,*
,236,VAL,178,*
,236,VAL,14,*
,236,ILE,204,*
,236,LYS,38,*
,236,LYS,16,*
,236,GLU,212,*
,236,GLU,116,*
,236,GLU,13,*
,236,TRP,206,*
,236,GLY,119,*
,236,GLY,15,*
,236,THR,123,*
,236,THR,81,*
,236,THR,17,*
,236,THR,12,*
,236,ALA,118,*
,236,ALA,208,*
,236,ALA,41,*
,236,SER,42,*
,236,SER,82,*
,237,VAL,125,*
,237,VAL,126,*
,237,LEU,132,*
,237,LEU,122,*
,237,LYS,170,*
,237,ILE,169,*
,237,ARG,128,*
,237,TRP,166,*
,237,PHE,137,*
,237,PHE,224,*
,237,HIS,129,*
,237,GLN,173,*
,238,ASN,119,*
,238,ASN,101,*
,238,LEU,145,*
,238,VAL,134,*
,238,LYS,138,*
,238,ILE,103,*
,238,ILE,24,*
,238,ILE,117,*
,238,GLU,142,*
,238,GLU,9,*
,238,TYR,84,*
,238,TYR,6,*
,238,TYR,82,*
,238,GLY,141,*
,238,THR,8,*
,238,THR,10,*
,238,PHE,23,*
,238,PHE,31,*
,238,SER,137,*
,239,ASP,119,*
,239,ASN,133,*
,239,PRO,185,*
,239,VAL,163,*
,239,VAL,189,*
,239,VAL,180,*
,239,VAL,169,*
,239,VAL,164,*
,239,LEU,109,*
,239,LEU,146,*
,239,LEU,153,*
,239,LYS,190,*
,239,LYS,172,*
,239,LYS,154,*
,239,ILE,123,*
,239,ILE,132,*
,239,TYR,171,*
,239,ARG,116,*
,239,ARG,148,*
,239,GLY,147,*
,239,GLY,165,*
,239,GLY,183,*
,239,TRP,145,*
,239,MET,120,*
,239,MET,108,*
,239,ALA,182,*
,239,ALA,110,*
,239,HIS,121,*
,239,SER,166,*
,240,PRO,146,*
,240,VAL,95,*
,240,LEU,93,*
,240,LEU,224,*
,240,ILE,193,*
,240,GLU,228,*
,240,GLU,198,*
,240,TYR,145,*
,240,TYR,94,*
,240,ARG,201,*
,240,ARG,144,*
,240,ARG,157,*
,240,THR,147,*
,240,PHE,112,*
,240,GLN,227,*
,240,SER,197,*
,240,SER,143,*
,241,TRP,350,*
,241,TRP,231,*
,241,ASP,269,*
,241,ASP,326,*
,241,ASP,186,*
,241,THR,344,*
,241,PHE,346,*
,241,VAL,324,*
,241,LEU,270,*
,241,HIS,351,*
,241,HIS,168,*
,241,ILE,342,*
,241,GLU,225,*
,241,GLU,325,*
,241,GLU,226,*
,241,SER,323,*
,242,ASP,200,*
,242,ASP,189,*
,242,ASP,85,*
,242,ASP,82,*
,242,LEU,84,*
,242,LEU,196,*
,242,LYS,164,*
,242,TYR,155,*
,242,TYR,156,*
,242,GLU,67,*
,242,GLU,175,*
,242,ARG,191,*
,242,ARG,165,*
,242,ARG,167,*
,242,GLY,170,*
,242,GLY,86,*
,242,THR,87,*
,242,ALA,172,*
,242,ALA,173,*
,242,PHE,88,*
,242,MET,166,*
,242,MET,195,*
,242,SER,171,*
,243,ASP,335,*
,243,PRO,315,*
,243,PRO,337,*
,243,PRO,561,*
,243,VAL,336,*
,243,ILE,519,*
,243,LYS,411,*
,243,GLU,308,*
,243,TYR,333,*
,243,TYR,304,*
,243,ARG,521,*
,243,ARG,311,*
,243,GLY,334,*
,243,GLY,518,*
,243,GLY,520,*
,243,CYS,515,*
,243,THR,402,*
,243,THR,560,*
,243,ALA,517,*
,243,PHE,319,*
,243,PHE,556,*
,243,GLN,559,*
,243,GLN,563,*
,243,SER,516,*
,244,ASP,25,*
,244,ASP,122,*
,244,ASP,29,*
,244,ASN,141,*
,244,ASN,13,*
,244,VAL,42,*
,244,LEU,144,*
,244,LEU,125,*
,244,LEU,14,*
,244,TYR,230,*
,244,TYR,140,*
,244,GLU,130,*
,244,GLU,26,*
,244,ARG,128,*
,244,ARG,27,*
,244,ARG,129,*
,244,CYS,221,*
,244,GLY,15,*
,244,PHE,222,*
,244,MET,137,*
,244,MET,124,*
,244,ALA,123,*
,244,ALA,127,*
,244,ALA,28,*
,245,ASP,131,*
,245,ASP,261,*
,245,ASN,166,*
,245,LEU,262,*
,245,TYR,164,*
,245,GLU,98,*
,245,GLY,260,*
,245,THR,259,*
,245,HIS,190,*
,245,SER,96,*
,246,ASP,59,*
,246,ASN,101,*
,246,PRO,308,*
,246,PRO,312,*
,246,VAL,62,*
,246,LEU,562,*
,246,LEU,253,*
,246,LEU,61,*
,246,LEU,311,*
,246,LEU,65,*
,246,LYS,205,*
,246,LYS,492,*
,246,LYS,515,*
,246,ILE,97,*
,246,ILE,307,*
,246,ILE,188,*
,246,GLU,309,*
,246,GLU,442,*
,246,ARG,560,*
,246,ARG,174,*
,246,CYS,561,*
,246,GLY,516,*
,246,ALA,517,*
,246,MET,494,*
,246,PHE,487,*
,246,PHE,256,*
,246,SER,493,*
,247,ASP,213,*
,247,ASP,211,*
,247,ASN,306,*
,247,ASN,357,*
,247,LEU,221,*
,247,LEU,190,*
,247,LEU,298,*
,247,LYS,316,*
,247,ILE,112,*
,247,ILE,399,*
,247,TYR,310,*
,247,TYR,299,*
,247,GLU,240,*
,247,GLU,120,*
,247,GLU,150,*
,247,GLY,214,*
,247,GLY,300,*
,247,THR,119,*
,247,THR,210,*
,247,THR,115,*
,247,ALA,301,*
,247,PHE,206,*
,247,PHE,193,*
,247,HIS,243,*
,247,HIS,153,*
,247,GLN,217,*
,247,GLN,116,*
,247,SER,123,*
,247,SER,304,*
,247,SER,305,*
,248,ASN,107,*
,248,VAL,104,*
,248,VAL,174,*
,248,LEU,25,*
,248,GLU,209,*
,248,TYR,98,*
,248,TYR,145,*
,248,ARG,146,*
,248,ARG,111,*
,248,GLY,147,*
,248,GLY,100,*
,248,THR,99,*
,248,THR,150,*
,248,PHE,152,*
,248,PHE,180,*
,248,MET,26,*
,248,ALA,103,*
,248,ALA,175,*
,248,GLN,207,*
,248,GLN,164,*
,248,SER,169,*
,248,SER,168,*
,248,SER,167,*
,249,ASP,367,*
,249,ASP,409,*
,249,ASP,368,*
,249,PRO,303,*
,249,VAL,371,*
,249,ILE,370,*
,249,LYS,350,*
,249,LYS,327,*
,249,GLU,304,*
,249,TYR,259,*
,249,TYR,75,*
,249,ARG,333,*
,249,ARG,372,*
,249,ARG,329,*
,249,GLY,373,*
,249,GLY,332,*
,249,THR,334,*
,249,THR,375,*
,249,THR,374,*
,249,THR,305,*
,249,MET,410,*
,249,PHE,335,*
,249,PHE,255,*
,249,SER,376,*
,249,SER,369,*
,250,TRP,81,*
,250,ASN,74,*
,250,ASN,62,*
,250,MET,88,*
,250,VAL,72,*
,250,HIS,60,*
,250,GLU,84,*
,250,ARG,64,*
,250,ARG,86,*
,250,ARG,43,*
,251,ASN,70,*
,251,LYS,134,*
,251,ILE,114,*
,251,TYR,69,*
,251,ARG,137,*
,251,GLY,112,*
,251,GLY,140,*
,251,THR,139,*
,251,HIS,109,*
,251,HIS,108,*
,251,GLN,67,*
,251,SER,110,*
,252,ASN,224,*
,252,LEU,188,*
,252,ILE,282,*
,252,LYS,103,*
,252,LYS,214,*
,252,LYS,143,*
,252,TYR,187,*
,252,GLU,283,*
,252,GLU,185,*
,252,GLU,192,*
,252,GLU,186,*
,252,ALA,118,*
,252,MET,273,*
,253,ASP,41,*
,253,ASP,195,*
,253,PRO,53,*
,253,PRO,355,*
,253,LYS,79,*
,253,ILE,52,*
,253,ILE,286,*
,253,ILE,328,*
,253,ILE,346,*
,253,ILE,361,*
,253,ILE,82,*
,253,TRP,466,*
,253,TRP,284,*
,253,CYS,227,*
,253,GLY,360,*
,253,GLY,229,*
,253,GLY,347,*
,253,GLY,13,*
,253,GLY,17,*
,253,GLY,12,*
,253,GLY,48,*
,253,GLY,14,*
,253,PHE,352,*
,253,PHE,330,*
,253,PHE,230,*
,253,PHE,111,*
,253,PHE,465,*
,253,GLN,38,*
,253,SER,228,*
,253,SER,358,*
,253,SER,110,*
,253,ASN,470,*
,253,VAL,197,*
,253,VAL,11,*
,253,VAL,364,*
,253,LEU,233,*
,253,LEU,37,*
,253,TYR,455,*
,253,TYR,454,*
,253,GLU,461,*
,253,GLU,49,*
,253,GLU,357,*
,253,ARG,231,*
,253,ARG,196,*
,253,THR,348,*
,253,THR,359,*
,253,THR,51,*
,253,THR,15,*
,253,ALA,50,*
,253,ALA,39,*
,253,ALA,255,*
,253,ALA,16,*
,253,HIS,109,*
,254,ASN,240,*
,254,ASN,305,*
,254,LEU,172,*
,254,LEU,120,*
,254,LEU,239,*
,254,LYS,309,*
,254,LYS,253,*
,254,ILE,241,*
,254,GLU,117,*
,254,ARG,59,*
,254,ARG,323,*
,254,ARG,300,*
,254,TRP,164,*
,254,GLY,177,*
,254,GLY,249,*
,254,THR,116,*
,254,THR,178,*
,254,MET,54,*
,254,PHE,176,*
,254,SER,238,*
,254,SER,242,*
,255,ASP,34,*
,255,ASN,8,*
,255,ASN,33,*
,255,ASN,314,*
,255,LEU,35,*
,255,LEU,99,*
,255,LEU,101,*
,255,ILE,13,*
,255,TYR,318,*
,255,GLU,315,*
,255,GLU,77,*
,255,ARG,78,*
,255,ARG,12,*
,255,CYS,150,*
,255,GLY,98,*
,255,GLY,11,*
,255,GLY,9,*
,255,GLY,121,*
,255,GLY,14,*
,255,THR,180,*
,255,THR,120,*
,255,THR,97,*
,255,PHE,10,*
,255,PHE,100,*
,255,ALA,181,*
,255,ALA,96,*
,256,ASP,28,*
,256,ASN,122,*
,256,PRO,119,*
,256,PRO,32,*
,256,VAL,129,*
,256,LEU,31,*
,256,LYS,102,*
,256,TYR,120,*
,256,GLY,30,*
,256,THR,118,*
,256,PHE,131,*
,256,ALA,121,*
,256,HIS,98,*
,256,HIS,20,*
,257,PRO,39,*
,257,VAL,18,*
,257,LYS,44,*
,257,LYS,14,*
,257,GLU,166,*
,257,GLY,43,*
,257,GLY,41,*
,257,THR,46,*
,257,THR,45,*
,257,PHE,13,*
,257,ALA,42,*
,257,ALA,20,*
,257,HIS,199,*
,257,GLN,89,*
,257,SER,40,*
,258,ASP,296,*
,258,ASP,295,*
,258,ASP,19,*
,258,LEU,106,*
,258,LEU,62,*
,258,LEU,58,*
,258,GLU,217,*
,258,TYR,102,*
,258,ARG,101,*
,258,GLY,184,*
,258,CYS,153,*
,258,ALA,183,*
,258,MET,155,*
,258,PHE,61,*
,258,PHE,65,*
,258,HIS,238,*
,258,HIS,214,*
,258,HIS,17,*
,258,HIS,15,*
,258,SER,103,*
,259,ASN,70,*
,259,VAL,73,*
,259,LEU,71,*
,259,LEU,121,*
,259,ILE,170,*
,259,GLU,204,*
,259,GLU,175,*
,259,TYR,72,*
,259,TYR,122,*
,259,ARG,178,*
,259,TRP,207,*
,259,GLY,120,*
,259,SER,174,*
,260,ASP,108,*
,260,ASN,118,*
,260,PRO,213,*
,260,LEU,117,*
,260,VAL,267,*
,260,VAL,263,*
,260,VAL,111,*
,260,VAL,115,*
,260,LYS,214,*
,260,ILE,221,*
,260,ILE,97,*
,260,GLY,202,*
,260,THR,201,*
,260,ALA,218,*
,260,PHE,260,*
,260,PHE,114,*
,260,MET,200,*
,260,MET,264,*
,260,GLN,112,*
,260,SER,217,*
,261,ASP,34,*
,261,LEU,132,*
,261,ILE,164,*
,261,GLU,147,*
,261,GLU,166,*
,261,TYR,87,*
,261,ARG,142,*
,261,CYS,59,*
,261,GLY,84,*
,261,GLY,144,*
,261,THR,85,*
,261,THR,146,*
,261,HIS,145,*
,262,LEU,492,*
,262,VAL,471,*
,262,ILE,489,*
,262,TYR,446,*
,262,TYR,444,*
,262,ARG,526,*
,262,GLY,369,*
,262,GLY,368,*
,262,TRP,474,*
,262,THR,527,*
,262,PHE,488,*
,262,PHE,485,*
,262,PHE,153,*
,262,MET,477,*
,262,HIS,556,*
,262,SER,445,*
,263,PRO,85,*
,263,PRO,54,*
,263,LEU,92,*
,263,VAL,89,*
,263,LYS,63,*
,263,LYS,55,*
,263,GLU,82,*
,263,TYR,65,*
,263,ARG,58,*
,263,THR,61,*
,263,ALA,93,*
,263,MET,59,*
,263,PHE,64,*
,263,PHE,62,*
,264,PRO,16,*
,264,VAL,117,*
,264,VAL,17,*
,264,LYS,76,*
,264,GLU,137,*
,264,GLU,136,*
,264,GLU,90,*
,264,GLU,139,*
,264,GLU,94,*
,264,ARG,62,*
,264,GLY,75,*
,264,GLY,138,*
,264,ALA,74,*
,264,ALA,43,*
,264,PHE,119,*
,264,PHE,45,*
,264,GLN,60,*
,265,ASP,10,*
,265,ASP,12,*
,265,ASN,106,*
,265,LEU,68,*
,265,LYS,67,*
,265,GLU,56,*
,265,TYR,22,*
,265,ARG,64,*
,265,GLY,55,*
,265,THR,34,*
,265,THR,54,*
,265,MET,20,*
,265,SER,37,*
,266,ASP,55,*
,266,LEU,9,*
,266,ILE,16,*
,266,LYS,37,*
,266,LYS,13,*
,266,TYR,34,*
,266,TYR,70,*
,266,GLY,36,*
,266,TRP,25,*
,266,CYS,35,*
,266,CYS,51,*
,266,PHE,28,*
,266,PHE,12,*
,266,PHE,107,*
,266,ALA,29,*
,266,HIS,54,*
,267,ASP,243,2
,267,ASP,190,1
,267,ASP,263,1
,267,ASP,255,1
,267,ASN,241,2
,267,LEU,223,1
,267,GLU,246,2
,267,TYR,221,1
,267,TYR,192,2
,267,TYR,148,2
,267,TYR,220,1
,267,ARG,240,2
,267,ARG,242,2
,267,TRP,193,1
,267,PHE,191,1
,267,PHE,262,1
,267,ALA,244,2
,267,SER,149,2
,267,SER,147,2
,267,SER,239,2
,267,SER,256,1
,267,SER,192,1
,268,ASP,248,*
,268,ASP,187,*
,268,VAL,272,*
,268,LEU,106,*
,268,LYS,246,*
,268,LYS,117,*
,268,LYS,111,*
,268,GLU,274,*
,268,GLY,271,*
,268,GLY,190,*
,268,GLY,278,*
,268,GLY,108,*
,268,GLY,110,*
,268,THR,112,*
,268,THR,245,*
,268,THR,114,*
,268,THR,113,*
,268,ALA,189,*
,268,GLN,144,*
,268,GLN,107,*
,268,SER,109,*
,268,SER,273,*
,269,TRP,174,*
,269,TRP,154,*
,269,GLY,119,*
,269,GLY,79,*
,269,ASP,45,*
,269,ASP,175,*
,269,HIS,120,*
,269,HIS,36,*
,269,HIS,178,*
,269,ILE,176,*
,269,TYR,121,*
,269,GLU,34,*
,269,GLU,183,*
,269,GLU,177,*
,269,GLU,122,*
,269,SER,78,*
,270,ASP,26,*
,270,ASN,45,*
,270,PRO,87,*
,270,LEU,85,*
,270,VAL,29,*
,270,TYR,126,*
,270,TYR,47,*
,270,GLU,25,*
,270,GLU,56,*
,270,ARG,82,*
,270,TRP,128,*
,270,CYS,88,*
,270,CYS,91,*
,270,CYS,54,*
,270,ALA,76,*
,270,ALA,55,*
,270,PHE,49,*
,270,SER,28,*
,270,SER,86,*
,271,ASP,292,*
,271,ASP,245,*
,271,ASP,255,*
,271,ASN,215,*
,271,LYS,183,*
,271,GLU,217,*
,271,GLU,181,*
,271,TRP,137,*
,271,TRP,16,*
,271,THR,90,*
,271,PHE,94,*
,271,PHE,26,*
,271,HIS,220,*
,271,HIS,54,*
,272,ASP,1686,*
,272,ASN,1505,*
,272,PRO,1702,*
,272,VAL,1660,*
,272,TYR,1558,*
,272,ARG,1661,*
,272,ARG,1475,*
,272,GLY,1703,*
,272,ALA,1688,*
,272,HIS,1690,*
,272,HIS,1614,*
,272,HIS,1590,*
,272,HIS,1473,*
,273,ASN,108,*
,273,VAL,172,*
,273,VAL,87,*
,273,TYR,145,*
,273,GLU,230,*
,273,GLU,143,*
,273,GLU,14,*
,273,ARG,226,*
,273,GLY,84,*
,273,GLY,85,*
,273,THR,106,*
,273,THR,83,*
,273,PHE,119,*
,273,PHE,114,*
,273,ALA,13,*
,273,HIS,46,*
,273,HIS,48,*
,273,GLN,170,*
,273,SER,82,*
,274,ASP,158,*
,274,ASP,196,*
,274,ASN,143,*
,274,PRO,9,*
,274,VAL,59,*
,274,VAL,200,*
,274,LEU,8,*
,274,LEU,125,*
,274,LEU,58,*
,274,ILE,197,*
,274,ILE,53,*
,274,LYS,13,*
,274,TYR,87,*
,274,GLU,57,*
,274,ARG,128,*
,274,ARG,124,*
,274,ARG,156,*
,274,ARG,36,*
,274,ARG,89,*
,274,ARG,167,*
,274,GLY,32,*
,274,GLY,86,*
,274,GLY,10,*
,274,GLY,193,*
,274,GLY,12,*
,274,GLY,14,*
,274,THR,137,*
,274,THR,64,*
,274,THR,31,*
,274,THR,15,*
,274,ALA,11,*
,274,PHE,35,*
,274,PHE,142,*
,274,PHE,138,*
,274,HIS,139,*
,274,GLN,93,*
,274,GLN,195,*
,275,ASP,135,*
,275,TRP,133,*
,275,THR,143,*
,275,PHE,138,*
,275,HIS,128,*
,275,LYS,141,*
,275,ILE,142,*
,275,ILE,134,*
,275,GLU,145,*
,276,ASN,204,*
,276,ILE,206,*
,276,GLU,181,*
,276,GLU,179,*
,276,GLU,156,*
,276,ARG,87,*
,276,ARG,44,*
,276,GLY,92,*
,276,GLY,64,*
,276,GLY,66,*
,276,THR,90,*
,276,MET,180,*
,276,MET,65,*
,276,ALA,91,*
,276,PHE,159,*
,276,PHE,178,*
,276,HIS,5,*
,276,SER,203,*
,277,THR,57,*
,277,PHE,25,*
,277,PHE,22,*
,277,PHE,36,*
,277,PHE,101,*
,277,PHE,61,*
,277,VAL,60,*
,277,HIS,56,*
,277,ILE,21,*
,277,TYR,39,*
,278,ASP,101,*
,278,PRO,68,*
,278,LEU,264,*
,278,ILE,263,*
,278,LYS,73,*
,278,TYR,104,*
,278,TYR,265,*
,278,GLU,69,*
,278,GLU,97,*
,278,GLY,72,*
,278,GLY,266,*
,278,THR,74,*
,278,THR,75,*
,278,GLN,195,*
,278,SER,241,*
,278,SER,71,*
,278,SER,70,*
,279,ASP,283,*
,279,ASN,57,*
,279,LEU,73,*
,279,LEU,78,*
,279,VAL,72,*
,279,VAL,311,*
,279,VAL,211,*
,279,ILE,193,*
,279,LYS,53,*
,279,LYS,167,*
,279,LYS,150,*
,279,GLU,286,*
,279,GLU,176,*
,279,TYR,131,*
,279,TYR,266,*
,279,TYR,196,*
,279,TYR,157,*
,279,TYR,110,*
,279,ARG,194,*
,279,TRP,52,*
,279,TRP,55,*
,279,GLY,69,*
,279,GLY,148,*
,279,THR,208,*
,279,THR,76,*
,279,THR,153,*
,279,PHE,172,*
,279,PHE,204,*
,279,PHE,282,*
,279,PHE,146,*
,279,PHE,68,*
,279,PHE,31,*
,279,MET,35,*
,279,HIS,147,*
,279,HIS,207,*
,279,HIS,135,*
,279,GLN,195,*
,279,SER,142,*
,280,LEU,68,*
,280,LEU,26,*
,280,VAL,39,*
,280,VAL,46,*
,280,VAL,23,*
,280,GLU,50,*
,280,GLY,69,*
,280,GLY,43,*
,280,GLY,47,*
,280,THR,42,*
,280,THR,77,*
,280,THR,70,*
,280,PHE,33,*
,280,PHE,40,*
,280,ALA,78,*
,280,ALA,41,*
,280,ALA,79,*
,280,HIS,76,*
,281,ASP,40,*
,281,ASP,79,*
,281,ASN,92,*
,281,ASN,37,*
,281,VAL,136,*
,281,VAL,122,*
,281,LEU,173,*
,281,LEU,93,*
,281,ILE,82,*
,281,LYS,98,*
,281,LYS,44,*
,281,TYR,125,*
,281,GLU,88,*
,281,GLY,123,*
,281,GLY,118,*
,281,GLY,121,*
,281,THR,171,*
,281,PHE,124,*
,281,ALA,38,*
,281,ALA,41,*
,281,MET,84,*
,281,SER,36,*
,282,ASP,185,*
,282,VAL,154,*
,282,VAL,259,*
,282,ILE,67,*
,282,GLU,246,*
,282,GLU,158,*
,282,GLU,152,*
,282,GLU,35,*
,282,ARG,217,*
,282,TRP,113,*
,282,TRP,15,*
,282,CYS,66,*
,282,GLY,68,*
,282,GLY,107,*
,282,PHE,248,*
,282,PHE,7,*
,282,HIS,188,*
,282,HIS,211,*
,282,GLN,183,*
,282,SER,37,*
,283,ASP,305,*
,283,VAL,303,*
,283,VAL,404,*
,283,LEU,252,*
,283,LEU,255,*
,283,ILE,403,*
,283,ILE,88,*
,283,TYR,98,*
,283,TRP,89,*
,283,GLY,256,*
,283,THR,103,*
,283,THR,260,*
,283,THR,187,*
,284,ASP,99,*
,284,ASN,201,*
,284,LEU,139,*
,284,VAL,48,*
,284,LYS,196,*
,284,ILE,131,*
,284,GLY,200,*
,284,CYS,193,*
,284,TRP,68,*
,284,THR,98,*
,284,THR,135,*
,284,PHE,134,*
,284,HIS,231,*
,284,HIS,174,*
,284,HIS,97,*
,285,ASN,135,*
,285,THR,136,*
,285,THR,94,*
,285,MET,41,*
,285,TYR,137,*
,285,TYR,217,*
,285,TYR,241,*
,285,TYR,91,*
,285,GLN,39,*
,286,THR,54,*
,286,ASN,53,*
,286,ALA,52,*
,286,VAL,57,*
,286,ILE,50,*
,286,ILE,58,*
,286,GLU,62,*
,287,ASP,55,*
,287,ASP,47,*
,287,ASN,62,*
,287,VAL,60,*
,287,GLU,73,*
,287,TYR,52,*
,287,ARG,75,*
,287,ARG,49,*
,287,ARG,30,*
,287,TRP,70,*
,287,HIS,45,*
,288,ASP,37,*
,288,ASN,191,*
,288,ASN,218,*
,288,PRO,216,*
,288,VAL,11,*
,288,ILE,215,*
,288,ILE,222,*
,288,LYS,8,*
,288,LYS,192,*
,288,LYS,13,*
,288,TYR,217,*
,288,GLY,10,*
,288,GLY,9,*
,288,GLY,12,*
,288,THR,15,*
,288,THR,14,*
,288,PHE,221,*
,288,SER,225,*
,288,SER,40,*
,289,ASP,105,*
,289,ASN,206,*
,289,LEU,62,*
,289,GLU,146,*
,289,TYR,22,*
,289,CYS,272,*
,289,CYS,207,*
,289,CYS,273,*
,289,GLY,23,*
,289,GLY,20,*
,289,THR,147,*
,289,ALA,21,*
,289,PHE,66,*
,290,ASP,52,*
,290,ASP,233,*
,290,ASP,11,*
,290,ASP,53,*
,290,ASP,234,*
,290,ASP,132,*
,290,ASP,297,*
,290,ASN,105,*
,290,LYS,133,*
,290,GLU,357,*
,290,TYR,91,*
,290,TYR,358,*
,290,ARG,266,*
,290,GLY,104,*
,290,GLY,267,*
,290,TRP,264,*
,290,MET,265,*
,290,HIS,18,*
,290,GLN,95,*
,290,SER,103,*
,291,ASP,101,*
,291,PRO,56,*
,291,PRO,110,*
,291,VAL,111,*
,291,VAL,55,*
,291,LEU,213,*
,291,LEU,108,*
,291,LEU,41,*
,291,LEU,107,*
,291,TYR,9,*
,291,ARG,131,*
,291,ARG,45,*
,291,ARG,15,*
,291,THR,68,*
,291,ALA,216,*
,291,PHE,10,*
,291,PHE,220,*
,291,PHE,222,*
,291,MET,208,*
,291,GLN,67,*
,291,GLN,53,*
,291,GLN,54,*
,292,ASP,224,*
,292,ASP,270,*
,292,ASP,17,*
,292,TYR,45,*
,292,ARG,177,*
,292,GLY,16,*
,292,GLY,14,*
,292,CYS,222,*
,292,THR,286,*
,292,THR,223,*
,292,ALA,267,*
,292,ALA,288,*
,292,PHE,289,*
,292,PHE,15,*
,292,HIS,175,*
,292,SER,287,*
,292,SER,266,*
,293,ASP,40,*
,293,PRO,159,*
,293,LEU,160,*
,293,LEU,121,*
,293,VAL,163,*
,293,VAL,16,*
,293,ILE,156,*
,293,LYS,130,*
,293,LYS,21,*
,293,ARG,124,*
,293,ARG,120,*
,293,GLY,18,*
,293,GLY,20,*
,293,MET,133,*
,293,PHE,128,*
,293,PHE,129,*
,293,ALA,23,*
,293,HIS,127,*
,293,GLN,158,*
,293,SER,22,*
,293,SER,19,*
,293,SER,17,*
,294,LEU,2916,*
,294,LEU,2924,*
,294,LEU,2939,*
,294,LYS,2975,*
,294,LYS,2943,*
,294,ILE,2861,*
,294,TYR,2919,*
,294,ARG,2940,*
,294,ARG,2864,*
,294,TRP,2970,*
,294,THR,2918,*
,294,MET,2865,*
,294,HIS,2917,*
,295,THR,139,*
,295,THR,138,*
,295,ALA,128,*
,295,ALA,129,*
,295,LEU,130,*
,295,LEU,37,*
,295,LYS,35,*
,295,SER,137,*
,295,SER,135,*
,296,ASP,11,*
,296,ASP,13,*
,296,PRO,148,*
,296,LEU,175,*
,296,LYS,182,*
,296,LYS,79,*
,296,GLU,178,*
,296,GLU,47,*
,296,ARG,49,*
,296,TRP,27,*
,296,GLY,114,*
,296,GLY,48,*
,296,THR,113,*
,296,MET,20,*
,296,HIS,46,*
,296,HIS,23,*
,296,SER,115,*
,297,ASP,334,*
,297,ASP,14,*
,297,PRO,418,*
,297,VAL,335,*
,297,LYS,332,*
,297,LYS,19,*
,297,LYS,17,*
,297,GLU,15,*
,297,GLY,18,*
,297,GLY,16,*
,297,GLY,13,*
,297,GLY,417,*
,297,GLY,41,*
,297,THR,416,*
,297,THR,43,*
,297,THR,331,*
,297,THR,301,*
,297,PHE,384,*
,297,ALA,40,*
,297,ALA,224,*
,297,HIS,42,*
,297,SER,415,*
,298,PRO,300,*
,298,VAL,281,*
,298,LEU,111,*
,298,LEU,80,*
,298,LEU,82,*
,298,ILE,113,*
,298,LYS,112,*
,298,LYS,283,*
,298,TYR,219,*
,298,GLU,167,*
,298,GLU,110,*
,298,ARG,133,*
,298,TRP,302,*
,298,ALA,303,*
,298,SER,81,*
,299,ASP,2636,*
,299,ASP,2621,*
,299,VAL,2622,*
,299,ILE,2637,*
,299,LYS,2670,*
,299,LYS,2620,*
,299,LYS,2595,*
,299,GLU,2601,*
,299,TYR,2593,*
,299,ARG,2574,*
,299,GLY,2548,*
,299,GLY,2576,*
,299,GLY,2573,*
,299,GLY,2571,*
,299,GLY,2575,*
,299,CYS,2572,*
,299,TRP,2577,*
,299,THR,2594,*
,299,PHE,2623,*
,299,HIS,2600,*
,299,SER,2546,*
,299,SER,2549,*
,300,ASN,229,*
,300,LEU,342,*
,300,ILE,351,*
,300,GLU,311,*
,300,TYR,340,*
,300,TYR,255,*
,300,ARG,337,*
,300,ARG,218,*
,300,GLY,315,*
,300,GLY,246,*
,300,GLY,339,*
,300,GLY,228,*
,300,GLY,341,*
,300,GLY,316,*
,300,THR,251,*
,300,THR,346,*
,300,THR,343,*
,300,ALA,348,*
,300,ALA,317,*
,300,ALA,313,*
,300,ALA,222,*
,300,PHE,227,*
,300,PHE,247,*
,300,HIS,245,*
,300,GLN,338,*
,300,SER,347,*
,300,SER,314,*
,301,TRP,336,*
,301,GLY,325,*
,301,ASP,321,*
,301,ASN,324,*
,301,ASN,343,*
,301,VAL,322,*
,301,GLN,334,*
,301,GLN,344,*
,301,GLN,341,*
,301,ARG,412,*
,301,ARG,323,*
,302,ASP,231,*
,302,ASP,328,*
,302,ASP,162,*
,302,ASP,51,*
,302,PRO,317,*
,302,LYS,234,*
,302,LYS,68,*
,302,GLY,106,*
,302,GLY,3,*
,302,GLY,357,*
,302,GLY,55,*
,302,TRP,163,*
,302,TRP,11,*
,302,TRP,136,*
,302,TRP,263,*
,302,PHE,257,*
,302,GLN,94,*
,302,SER,334,*
,302,SER,48,*
,302,ASN,92,*
,302,ASN,265,*
,302,ASN,2,*
,302,LEU,335,*
,302,LEU,318,*
,302,LEU,196,*
,302,LEU,47,*
,302,VAL,93,*
,302,VAL,100,*
,302,TYR,198,*
,302,TYR,193,*
,302,TYR,96,*
,302,TYR,358,*
,302,TYR,195,*
,302,TYR,54,*
,302,GLU,189,*
,302,GLU,261,*
,302,GLU,165,*
,302,GLU,255,*
,302,ARG,391,*
,302,ARG,229,*
,302,THR,4,*
,302,THR,36,*
,302,ALA,232,*
,302,ALA,37,*
,302,ALA,105,*
,302,ALA,107,*
,302,MET,197,*
,302,HIS,327,*
,302,HIS,103,*
,302,HIS,235,*
,303,ASP,88,*
,303,VAL,86,*
,303,LEU,28,*
,303,LYS,90,*
,303,LYS,58,*
,303,ILE,63,*
,303,ILE,7,*
,303,GLU,85,*
,303,GLU,39,*
,303,GLU,62,*
,303,ARG,103,*
,303,ARG,101,*
,303,GLY,38,*
,303,GLY,35,*
,303,GLY,27,*
,303,GLY,87,*
,303,GLY,64,*
,303,GLY,89,*
,303,GLY,37,*
,303,THR,29,*
,303,PHE,92,*
,303,HIS,36,*
,303,GLN,34,*
,304,ASP,250,*
,304,ASP,199,*
,304,ASN,62,*
,304,PRO,252,*
,304,PRO,115,*
,304,VAL,27,*
,304,LYS,138,*
,304,TYR,69,*
,304,ARG,63,*
,304,ARG,168,*
,304,GLY,251,*
,304,CYS,206,*
,304,ALA,116,*
,304,ALA,247,*
,304,PHE,117,*
,304,HIS,246,*
,304,HIS,202,*
,304,GLN,205,*
,304,GLN,141,*
,304,SER,68,*
,305,ASN,156,*
,305,ASN,80,*
,305,ASN,12,*
,305,ILE,152,*
,305,LYS,131,*
,305,TYR,276,*
,305,TYR,153,*
,305,GLU,88,*
,305,ARG,16,*
,305,TRP,128,*
,305,GLY,151,*
,305,GLY,15,*
,305,THR,81,*
,305,THR,82,*
,305,THR,14,*
,305,MET,127,*
,305,MET,113,*
,305,ALA,85,*
,305,ALA,18,*
,305,ALA,150,*
,305,HIS,37,*
,305,GLN,84,*
,305,GLN,17,*
